Workbook
Name Rok: Ustawienia!$B$3
Name Miesiac: Ustawienia!$B$4
Name DniMiesiaca: Ustawienia!$B$5
Name ListaZmian: Ustawienia!$A$8:$A$10
Name ListaUderzen: OFFSET(Ustawienia!$D$4,0,0,MAX(1,COUNTA(Ustawienia!$D$4:$D$33)),1)
Name ListaCzesci: OFFSET(Ustawienia!$F$4,0,0,MAX(1,COUNTA(Ustawienia!$F$4:$F$33)),1)
Name ListaKiedy: OFFSET(Ustawienia!$H$4,0,0,MAX(1,COUNTA(Ustawienia!$H$4:$H$13)),1)
Name ListaStatusow: Ustawienia!$J$4:$J$8
Name TakNie: Ustawienia!$M$4:$M$5
Name ListaPracownikow: OFFSET(Pracownicy!$A$2,0,0,MAX(1,COUNTA(Pracownicy!$A$2:$A$2000)),1)
Name ListaWozkow: OFFSET('Wózki'!$A$2,0,0,MAX(1,COUNTA('Wózki'!$A$2:$A$500)),1)

Sheet Instrukcja
A1: REJESTR USZKODZEŃ WÓZKÓW — wersja Excel
A2: Ten sam układ co aplikacja: Flota, Zgłoszenia, Rozpiska (arkusze 1–31), Historia wózka.
A5: Na start
A6: 1. | B6: Ustawienia: wpisz rok i miesiąc. Arkusze 1–31 pokażą daty i dni tygodnia tego miesiąca (w krótszych miesiącach arkusze 29–31 będą puste).
A7: 2. | B7: Pracownicy i Wózki: zastąp przykładowe wpisy własną listą (można wkleić kolumny z Excela). Z tych list biorą się rozwijane listy.
A8: 3. | B8: Ustawienia: rodzaje uderzeń, części, nazwy zmian i stanowisk — jak w aplikacji.
A10: Na co dzień
A11: Arkusze 1–31 | B11: Rozpiska na dany dzień: zmiana I, II i III obok siebie. Wpisz osobę, wózek i uwagi. Czerwone pole wózka = wózek wpisany dwa razy na tej zmianie albo wyłączony z pracy (otwarte zgłoszenie). Żółte nazwisko = osoba wpisana dwa razy.
A12: Zgłoszenia | B12: Jeden wiersz = jedno zgłoszenie. Status zmieniasz z listy. „Wyłączony z pracy” = TAK blokuje wózek na Flocie i w rozpisce. Kolumna „Wg rozpiski” sama pokazuje, kto miał ten wózek tego dnia.
A13: Flota | B13: Stan każdego wózka liczony ze zgłoszeń: Sprawny / Usterka zgłoszona / W naprawie / Wyłączony z pracy.
A14: Historia wózka | B14: Wybierz wózek i okres: najpierw usterki i uszkodzenia, niżej kto jeździł (z rozpisek). Wydruk obejmuje tylko wypełnione wiersze.
A15: Drukowanie | B15: Arkusz dnia: każda zmiana drukuje się na osobnej stronie A4. Plik nie ma nagłówków ani stopek z adresem.
A17: Kolory
A18: Żółte pola | B18: wypełniasz Ty. Białe pola liczą się same z formuł — nie nadpisuj ich.
A19: Dane rozpisek | B19: arkusz pomocniczy na końcu: zbiera wpisy ze wszystkich dni. Nie wpisuj tam nic.
A20: Nowy miesiąc | B20: Zapisz plik jako kopię (np. Rozpiska 11.2026.xlsx), w kopii zmień miesiąc w Ustawieniach i wyczyść arkusze 1–31.
A21: Przykład | B21: W pliku jest jedno przykładowe zgłoszenie (wózek 105) i jeden wpis w rozpisce dnia 1 — usuń je przed użyciem.
A23: Żółte pole | B23: – do wypełnienia

Sheet Flota
A1: STAN WÓZKÓW
A2: Liczone na żywo ze zgłoszeń. Lista wózków: arkusz Wózki. | G2: =7+MAX(1,COUNTA('Wózki'!$A$2:$A$500))
A4: =COUNTIF($C$8:$C$207,"Sprawny") | B4: =COUNTIF($C$8:$C$207,"Usterka zgłoszona") | C4: =COUNTIF($C$8:$C$207,"W naprawie") | D4: =COUNTIF($C$8:$C$207,"Wyłączony z pracy")
A5: Sprawne | B5: Usterka zgłoszona | C5: W naprawie | D5: Wyłączone z pracy
A7: Nr wózka | B7: Typ | C7: Stan | D7: Otwarte usterki | E7: Ostatnia otwarta usterka
A8: =IF('Wózki'!A2="","",'Wózki'!A2) | B8: =IF(A8="","",'Wózki'!B2&"") | C8: =IF(A8="","",IF(COUNTIFS('Zgłoszenia'!$B$5:$B$504,A8,'Zgłoszenia'!$O$5:$O$504,"TAK",'Zgłoszenia'!$L$5:$L$504,"TAK")>0,"Wyłączony z pracy",IF(COUNTIFS('Zgłoszenia'!$B$5:$B$504,A8,'Zgłoszenia'!$M$5:$M$504,Ustawienia!$J$5)+COUNTIFS('Zgłoszenia'!$B$5:$B$504,A8,'Zgłoszenia'!$M$5:$M$504,Ustawienia!$J$6)>0,"W naprawie",IF(D8>0,"Usterka zgłoszona","Sprawny")))) | D8: =IF(A8="","",COUNTIFS('Zgłoszenia'!$B$5:$B$504,A8,'Zgłoszenia'!$O$5:$O$504,"TAK")) | E8: =IF(A8="","",IF(D8=0,"Brak otwartych usterek",IF(INDEX('Zgłoszenia'!$D$5:$D$504,G8)="","",RIGHT("0"&DAY(INDEX('Zgłoszenia'!$D$5:$D$504,G8)),2)&"."&RIGHT("0"&MONTH(INDEX('Zgłoszenia'!$D$5:$D$504,G8)),2)&"."&YEAR(INDEX('Zgłoszenia'!$D$5:$D$504,G8)))&" · "&INDEX('Zgłoszenia'!$H$5:$H$504,G8)&" — "&IF(INDEX('Zgłoszenia'!$M$5:$M$504,G8)="","Zgłoszona",INDEX('Zgłoszenia'!$M$5:$M$504,G8)))) | G8: =IF(OR(A8="",D8=0),"",MATCH(SUMPRODUCT(MAX(('Zgłoszenia'!$B$5:$B$504=A8)*'Zgłoszenia'!$R$5:$R$504)),'Zgłoszenia'!$R$5:$R$504,0))
A9: =IF('Wózki'!A3="","",'Wózki'!A3) | B9: =IF(A9="","",'Wózki'!B3&"") | C9: =IF(A9="","",IF(COUNTIFS('Zgłoszenia'!$B$5:$B$504,A9,'Zgłoszenia'!$O$5:$O$504,"TAK",'Zgłoszenia'!$L$5:$L$504,"TAK")>0,"Wyłączony z pracy",IF(COUNTIFS('Zgłoszenia'!$B$5:$B$504,A9,'Zgłoszenia'!$M$5:$M$504,Ustawienia!$J$5)+COUNTIFS('Zgłoszenia'!$B$5:$B$504,A9,'Zgłoszenia'!$M$5:$M$504,Ustawienia!$J$6)>0,"W naprawie",IF(D9>0,"Usterka zgłoszona","Sprawny")))) | D9: =IF(A9="","",COUNTIFS('Zgłoszenia'!$B$5:$B$504,A9,'Zgłoszenia'!$O$5:$O$504,"TAK")) | E9: =IF(A9="","",IF(D9=0,"Brak otwartych usterek",IF(INDEX('Zgłoszenia'!$D$5:$D$504,G9)="","",RIGHT("0"&DAY(INDEX('Zgłoszenia'!$D$5:$D$504,G9)),2)&"."&RIGHT("0"&MONTH(INDEX('Zgłoszenia'!$D$5:$D$504,G9)),2)&"."&YEAR(INDEX('Zgłoszenia'!$D$5:$D$504,G9)))&" · "&INDEX('Zgłoszenia'!$H$5:$H$504,G9)&" — "&IF(INDEX('Zgłoszenia'!$M$5:$M$504,G9)="","Zgłoszona",INDEX('Zgłoszenia'!$M$5:$M$504,G9)))) | G9: =IF(OR(A9="",D9=0),"",MATCH(SUMPRODUCT(MAX(('Zgłoszenia'!$B$5:$B$504=A9)*'Zgłoszenia'!$R$5:$R$504)),'Zgłoszenia'!$R$5:$R$504,0))
A10: =IF('Wózki'!A4="","",'Wózki'!A4) | B10: =IF(A10="","",'Wózki'!B4&"") | C10: =IF(A10="","",IF(COUNTIFS('Zgłoszenia'!$B$5:$B$504,A10,'Zgłoszenia'!$O$5:$O$504,"TAK",'Zgłoszenia'!$L$5:$L$504,"TAK")>0,"Wyłączony z pracy",IF(COUNTIFS('Zgłoszenia'!$B$5:$B$504,A10,'Zgłoszenia'!$M$5:$M$504,Ustawienia!$J$5)+COUNTIFS('Zgłoszenia'!$B$5:$B$504,A10,'Zgłoszenia'!$M$5:$M$504,Ustawienia!$J$6)>0,"W naprawie",IF(D10>0,"Usterka zgłoszona","Sprawny")))) | D10: =IF(A10="","",COUNTIFS('Zgłoszenia'!$B$5:$B$504,A10,'Zgłoszenia'!$O$5:$O$504,"TAK")) | E10: =IF(A10="","",IF(D10=0,"Brak otwartych usterek",IF(INDEX('Zgłoszenia'!$D$5:$D$504,G10)="","",RIGHT("0"&DAY(INDEX('Zgłoszenia'!$D$5:$D$504,G10)),2)&"."&RIGHT("0"&MONTH(INDEX('Zgłoszenia'!$D$5:$D$504,G10)),2)&"."&YEAR(INDEX('Zgłoszenia'!$D$5:$D$504,G10)))&" · "&INDEX('Zgłoszenia'!$H$5:$H$504,G10)&" — "&IF(INDEX('Zgłoszenia'!$M$5:$M$504,G10)="","Zgłoszona",INDEX('Zgłoszenia'!$M$5:$M$504,G10)))) | G10: =IF(OR(A10="",D10=0),"",MATCH(SUMPRODUCT(MAX(('Zgłoszenia'!$B$5:$B$504=A10)*'Zgłoszenia'!$R$5:$R$504)),'Zgłoszenia'!$R$5:$R$504,0))
A11: =IF('Wózki'!A5="","",'Wózki'!A5) | B11: =IF(A11="","",'Wózki'!B5&"") | C11: =IF(A11="","",IF(COUNTIFS('Zgłoszenia'!$B$5:$B$504,A11,'Zgłoszenia'!$O$5:$O$504,"TAK",'Zgłoszenia'!$L$5:$L$504,"TAK")>0,"Wyłączony z pracy",IF(COUNTIFS('Zgłoszenia'!$B$5:$B$504,A11,'Zgłoszenia'!$M$5:$M$504,Ustawienia!$J$5)+COUNTIFS('Zgłoszenia'!$B$5:$B$504,A11,'Zgłoszenia'!$M$5:$M$504,Ustawienia!$J$6)>0,"W naprawie",IF(D11>0,"Usterka zgłoszona","Sprawny")))) | D11: =IF(A11="","",COUNTIFS('Zgłoszenia'!$B$5:$B$504,A11,'Zgłoszenia'!$O$5:$O$504,"TAK")) | E11: =IF(A11="","",IF(D11=0,"Brak otwartych usterek",IF(INDEX('Zgłoszenia'!$D$5:$D$504,G11)="","",RIGHT("0"&DAY(INDEX('Zgłoszenia'!$D$5:$D$504,G11)),2)&"."&RIGHT("0"&MONTH(INDEX('Zgłoszenia'!$D$5:$D$504,G11)),2)&"."&YEAR(INDEX('Zgłoszenia'!$D$5:$D$504,G11)))&" · "&INDEX('Zgłoszenia'!$H$5:$H$504,G11)&" — "&IF(INDEX('Zgłoszenia'!$M$5:$M$504,G11)="","Zgłoszona",INDEX('Zgłoszenia'!$M$5:$M$504,G11)))) | G11: =IF(OR(A11="",D11=0),"",MATCH(SUMPRODUCT(MAX(('Zgłoszenia'!$B$5:$B$504=A11)*'Zgłoszenia'!$R$5:$R$504)),'Zgłoszenia'!$R$5:$R$504,0))
A12: =IF('Wózki'!A6="","",'Wózki'!A6) | B12: =IF(A12="","",'Wózki'!B6&"") | C12: =IF(A12="","",IF(COUNTIFS('Zgłoszenia'!$B$5:$B$504,A12,'Zgłoszenia'!$O$5:$O$504,"TAK",'Zgłoszenia'!$L$5:$L$504,"TAK")>0,"Wyłączony z pracy",IF(COUNTIFS('Zgłoszenia'!$B$5:$B$504,A12,'Zgłoszenia'!$M$5:$M$504,Ustawienia!$J$5)+COUNTIFS('Zgłoszenia'!$B$5:$B$504,A12,'Zgłoszenia'!$M$5:$M$504,Ustawienia!$J$6)>0,"W naprawie",IF(D12>0,"Usterka zgłoszona","Sprawny")))) | D12: =IF(A12="","",COUNTIFS('Zgłoszenia'!$B$5:$B$504,A12,'Zgłoszenia'!$O$5:$O$504,"TAK")) | E12: =IF(A12="","",IF(D12=0,"Brak otwartych usterek",IF(INDEX('Zgłoszenia'!$D$5:$D$504,G12)="","",RIGHT("0"&DAY(INDEX('Zgłoszenia'!$D$5:$D$504,G12)),2)&"."&RIGHT("0"&MONTH(INDEX('Zgłoszenia'!$D$5:$D$504,G12)),2)&"."&YEAR(INDEX('Zgłoszenia'!$D$5:$D$504,G12)))&" · "&INDEX('Zgłoszenia'!$H$5:$H$504,G12)&" — "&IF(INDEX('Zgłoszenia'!$M$5:$M$504,G12)="","Zgłoszona",INDEX('Zgłoszenia'!$M$5:$M$504,G12)))) | G12: =IF(OR(A12="",D12=0),"",MATCH(SUMPRODUCT(MAX(('Zgłoszenia'!$B$5:$B$504=A12)*'Zgłoszenia'!$R$5:$R$504)),'Zgłoszenia'!$R$5:$R$504,0))
A13: =IF('Wózki'!A7="","",'Wózki'!A7) | B13: =IF(A13="","",'Wózki'!B7&"") | C13: =IF(A13="","",IF(COUNTIFS('Zgłoszenia'!$B$5:$B$504,A13,'Zgłoszenia'!$O$5:$O$504,"TAK",'Zgłoszenia'!$L$5:$L$504,"TAK")>0,"Wyłączony z pracy",IF(COUNTIFS('Zgłoszenia'!$B$5:$B$504,A13,'Zgłoszenia'!$M$5:$M$504,Ustawienia!$J$5)+COUNTIFS('Zgłoszenia'!$B$5:$B$504,A13,'Zgłoszenia'!$M$5:$M$504,Ustawienia!$J$6)>0,"W naprawie",IF(D13>0,"Usterka zgłoszona","Sprawny")))) | D13: =IF(A13="","",COUNTIFS('Zgłoszenia'!$B$5:$B$504,A13,'Zgłoszenia'!$O$5:$O$504,"TAK")) | E13: =IF(A13="","",IF(D13=0,"Brak otwartych usterek",IF(INDEX('Zgłoszenia'!$D$5:$D$504,G13)="","",RIGHT("0"&DAY(INDEX('Zgłoszenia'!$D$5:$D$504,G13)),2)&"."&RIGHT("0"&MONTH(INDEX('Zgłoszenia'!$D$5:$D$504,G13)),2)&"."&YEAR(INDEX('Zgłoszenia'!$D$5:$D$504,G13)))&" · "&INDEX('Zgłoszenia'!$H$5:$H$504,G13)&" — "&IF(INDEX('Zgłoszenia'!$M$5:$M$504,G13)="","Zgłoszona",INDEX('Zgłoszenia'!$M$5:$M$504,G13)))) | G13: =IF(OR(A13="",D13=0),"",MATCH(SUMPRODUCT(MAX(('Zgłoszenia'!$B$5:$B$504=A13)*'Zgłoszenia'!$R$5:$R$504)),'Zgłoszenia'!$R$5:$R$504,0))
A14: =IF('Wózki'!A8="","",'Wózki'!A8) | B14: =IF(A14="","",'Wózki'!B8&"") | C14: =IF(A14="","",IF(COUNTIFS('Zgłoszenia'!$B$5:$B$504,A14,'Zgłoszenia'!$O$5:$O$504,"TAK",'Zgłoszenia'!$L$5:$L$504,"TAK")>0,"Wyłączony z pracy",IF(COUNTIFS('Zgłoszenia'!$B$5:$B$504,A14,'Zgłoszenia'!$M$5:$M$504,Ustawienia!$J$5)+COUNTIFS('Zgłoszenia'!$B$5:$B$504,A14,'Zgłoszenia'!$M$5:$M$504,Ustawienia!$J$6)>0,"W naprawie",IF(D14>0,"Usterka zgłoszona","Sprawny")))) | D14: =IF(A14="","",COUNTIFS('Zgłoszenia'!$B$5:$B$504,A14,'Zgłoszenia'!$O$5:$O$504,"TAK")) | E14: =IF(A14="","",IF(D14=0,"Brak otwartych usterek",IF(INDEX('Zgłoszenia'!$D$5:$D$504,G14)="","",RIGHT("0"&DAY(INDEX('Zgłoszenia'!$D$5:$D$504,G14)),2)&"."&RIGHT("0"&MONTH(INDEX('Zgłoszenia'!$D$5:$D$504,G14)),2)&"."&YEAR(INDEX('Zgłoszenia'!$D$5:$D$504,G14)))&" · "&INDEX('Zgłoszenia'!$H$5:$H$504,G14)&" — "&IF(INDEX('Zgłoszenia'!$M$5:$M$504,G14)="","Zgłoszona",INDEX('Zgłoszenia'!$M$5:$M$504,G14)))) | G14: =IF(OR(A14="",D14=0),"",MATCH(SUMPRODUCT(MAX(('Zgłoszenia'!$B$5:$B$504=A14)*'Zgłoszenia'!$R$5:$R$504)),'Zgłoszenia'!$R$5:$R$504,0))
A15: =IF('Wózki'!A9="","",'Wózki'!A9) | B15: =IF(A15="","",'Wózki'!B9&"") | C15: =IF(A15="","",IF(COUNTIFS('Zgłoszenia'!$B$5:$B$504,A15,'Zgłoszenia'!$O$5:$O$504,"TAK",'Zgłoszenia'!$L$5:$L$504,"TAK")>0,"Wyłączony z pracy",IF(COUNTIFS('Zgłoszenia'!$B$5:$B$504,A15,'Zgłoszenia'!$M$5:$M$504,Ustawienia!$J$5)+COUNTIFS('Zgłoszenia'!$B$5:$B$504,A15,'Zgłoszenia'!$M$5:$M$504,Ustawienia!$J$6)>0,"W naprawie",IF(D15>0,"Usterka zgłoszona","Sprawny")))) | D15: =IF(A15="","",COUNTIFS('Zgłoszenia'!$B$5:$B$504,A15,'Zgłoszenia'!$O$5:$O$504,"TAK")) | E15: =IF(A15="","",IF(D15=0,"Brak otwartych usterek",IF(INDEX('Zgłoszenia'!$D$5:$D$504,G15)="","",RIGHT("0"&DAY(INDEX('Zgłoszenia'!$D$5:$D$504,G15)),2)&"."&RIGHT("0"&MONTH(INDEX('Zgłoszenia'!$D$5:$D$504,G15)),2)&"."&YEAR(INDEX('Zgłoszenia'!$D$5:$D$504,G15)))&" · "&INDEX('Zgłoszenia'!$H$5:$H$504,G15)&" — "&IF(INDEX('Zgłoszenia'!$M$5:$M$504,G15)="","Zgłoszona",INDEX('Zgłoszenia'!$M$5:$M$504,G15)))) | G15: =IF(OR(A15="",D15=0),"",MATCH(SUMPRODUCT(MAX(('Zgłoszenia'!$B$5:$B$504=A15)*'Zgłoszenia'!$R$5:$R$504)),'Zgłoszenia'!$R$5:$R$504,0))
A16: =IF('Wózki'!A10="","",'Wózki'!A10) | B16: =IF(A16="","",'Wózki'!B10&"") | C16: =IF(A16="","",IF(COUNTIFS('Zgłoszenia'!$B$5:$B$504,A16,'Zgłoszenia'!$O$5:$O$504,"TAK",'Zgłoszenia'!$L$5:$L$504,"TAK")>0,"Wyłączony z pracy",IF(COUNTIFS('Zgłoszenia'!$B$5:$B$504,A16,'Zgłoszenia'!$M$5:$M$504,Ustawienia!$J$5)+COUNTIFS('Zgłoszenia'!$B$5:$B$504,A16,'Zgłoszenia'!$M$5:$M$504,Ustawienia!$J$6)>0,"W naprawie",IF(D16>0,"Usterka zgłoszona","Sprawny")))) | D16: =IF(A16="","",COUNTIFS('Zgłoszenia'!$B$5:$B$504,A16,'Zgłoszenia'!$O$5:$O$504,"TAK")) | E16: =IF(A16="","",IF(D16=0,"Brak otwartych usterek",IF(INDEX('Zgłoszenia'!$D$5:$D$504,G16)="","",RIGHT("0"&DAY(INDEX('Zgłoszenia'!$D$5:$D$504,G16)),2)&"."&RIGHT("0"&MONTH(INDEX('Zgłoszenia'!$D$5:$D$504,G16)),2)&"."&YEAR(INDEX('Zgłoszenia'!$D$5:$D$504,G16)))&" · "&INDEX('Zgłoszenia'!$H$5:$H$504,G16)&" — "&IF(INDEX('Zgłoszenia'!$M$5:$M$504,G16)="","Zgłoszona",INDEX('Zgłoszenia'!$M$5:$M$504,G16)))) | G16: =IF(OR(A16="",D16=0),"",MATCH(SUMPRODUCT(MAX(('Zgłoszenia'!$B$5:$B$504=A16)*'Zgłoszenia'!$R$5:$R$504)),'Zgłoszenia'!$R$5:$R$504,0))
A17: =IF('Wózki'!A11="","",'Wózki'!A11) | B17: =IF(A17="","",'Wózki'!B11&"") | C17: =IF(A17="","",IF(COUNTIFS('Zgłoszenia'!$B$5:$B$504,A17,'Zgłoszenia'!$O$5:$O$504,"TAK",'Zgłoszenia'!$L$5:$L$504,"TAK")>0,"Wyłączony z pracy",IF(COUNTIFS('Zgłoszenia'!$B$5:$B$504,A17,'Zgłoszenia'!$M$5:$M$504,Ustawienia!$J$5)+COUNTIFS('Zgłoszenia'!$B$5:$B$504,A17,'Zgłoszenia'!$M$5:$M$504,Ustawienia!$J$6)>0,"W naprawie",IF(D17>0,"Usterka zgłoszona","Sprawny")))) | D17: =IF(A17="","",COUNTIFS('Zgłoszenia'!$B$5:$B$504,A17,'Zgłoszenia'!$O$5:$O$504,"TAK")) | E17: =IF(A17="","",IF(D17=0,"Brak otwartych usterek",IF(INDEX('Zgłoszenia'!$D$5:$D$504,G17)="","",RIGHT("0"&DAY(INDEX('Zgłoszenia'!$D$5:$D$504,G17)),2)&"."&RIGHT("0"&MONTH(INDEX('Zgłoszenia'!$D$5:$D$504,G17)),2)&"."&YEAR(INDEX('Zgłoszenia'!$D$5:$D$504,G17)))&" · "&INDEX('Zgłoszenia'!$H$5:$H$504,G17)&" — "&IF(INDEX('Zgłoszenia'!$M$5:$M$504,G17)="","Zgłoszona",INDEX('Zgłoszenia'!$M$5:$M$504,G17)))) | G17: =IF(OR(A17="",D17=0),"",MATCH(SUMPRODUCT(MAX(('Zgłoszenia'!$B$5:$B$504=A17)*'Zgłoszenia'!$R$5:$R$504)),'Zgłoszenia'!$R$5:$R$504,0))
A18: =IF('Wózki'!A12="","",'Wózki'!A12) | B18: =IF(A18="","",'Wózki'!B12&"") | C18: =IF(A18="","",IF(COUNTIFS('Zgłoszenia'!$B$5:$B$504,A18,'Zgłoszenia'!$O$5:$O$504,"TAK",'Zgłoszenia'!$L$5:$L$504,"TAK")>0,"Wyłączony z pracy",IF(COUNTIFS('Zgłoszenia'!$B$5:$B$504,A18,'Zgłoszenia'!$M$5:$M$504,Ustawienia!$J$5)+COUNTIFS('Zgłoszenia'!$B$5:$B$504,A18,'Zgłoszenia'!$M$5:$M$504,Ustawienia!$J$6)>0,"W naprawie",IF(D18>0,"Usterka zgłoszona","Sprawny")))) | D18: =IF(A18="","",COUNTIFS('Zgłoszenia'!$B$5:$B$504,A18,'Zgłoszenia'!$O$5:$O$504,"TAK")) | E18: =IF(A18="","",IF(D18=0,"Brak otwartych usterek",IF(INDEX('Zgłoszenia'!$D$5:$D$504,G18)="","",RIGHT("0"&DAY(INDEX('Zgłoszenia'!$D$5:$D$504,G18)),2)&"."&RIGHT("0"&MONTH(INDEX('Zgłoszenia'!$D$5:$D$504,G18)),2)&"."&YEAR(INDEX('Zgłoszenia'!$D$5:$D$504,G18)))&" · "&INDEX('Zgłoszenia'!$H$5:$H$504,G18)&" — "&IF(INDEX('Zgłoszenia'!$M$5:$M$504,G18)="","Zgłoszona",INDEX('Zgłoszenia'!$M$5:$M$504,G18)))) | G18: =IF(OR(A18="",D18=0),"",MATCH(SUMPRODUCT(MAX(('Zgłoszenia'!$B$5:$B$504=A18)*'Zgłoszenia'!$R$5:$R$504)),'Zgłoszenia'!$R$5:$R$504,0))
A19: =IF('Wózki'!A13="","",'Wózki'!A13) | B19: =IF(A19="","",'Wózki'!B13&"") | C19: =IF(A19="","",IF(COUNTIFS('Zgłoszenia'!$B$5:$B$504,A19,'Zgłoszenia'!$O$5:$O$504,"TAK",'Zgłoszenia'!$L$5:$L$504,"TAK")>0,"Wyłączony z pracy",IF(COUNTIFS('Zgłoszenia'!$B$5:$B$504,A19,'Zgłoszenia'!$M$5:$M$504,Ustawienia!$J$5)+COUNTIFS('Zgłoszenia'!$B$5:$B$504,A19,'Zgłoszenia'!$M$5:$M$504,Ustawienia!$J$6)>0,"W naprawie",IF(D19>0,"Usterka zgłoszona","Sprawny")))) | D19: =IF(A19="","",COUNTIFS('Zgłoszenia'!$B$5:$B$504,A19,'Zgłoszenia'!$O$5:$O$504,"TAK")) | E19: =IF(A19="","",IF(D19=0,"Brak otwartych usterek",IF(INDEX('Zgłoszenia'!$D$5:$D$504,G19)="","",RIGHT("0"&DAY(INDEX('Zgłoszenia'!$D$5:$D$504,G19)),2)&"."&RIGHT("0"&MONTH(INDEX('Zgłoszenia'!$D$5:$D$504,G19)),2)&"."&YEAR(INDEX('Zgłoszenia'!$D$5:$D$504,G19)))&" · "&INDEX('Zgłoszenia'!$H$5:$H$504,G19)&" — "&IF(INDEX('Zgłoszenia'!$M$5:$M$504,G19)="","Zgłoszona",INDEX('Zgłoszenia'!$M$5:$M$504,G19)))) | G19: =IF(OR(A19="",D19=0),"",MATCH(SUMPRODUCT(MAX(('Zgłoszenia'!$B$5:$B$504=A19)*'Zgłoszenia'!$R$5:$R$504)),'Zgłoszenia'!$R$5:$R$504,0))
... A207: =IF('Wózki'!A201="","",'Wózki'!A201) | B207: =IF(A207="","",'Wózki'!B201&"") | C207: =IF(A207="","",IF(COUNTIFS('Zgłoszenia'!$B$5:$B$504,A207,'Zgłoszenia'!$O$5:$O$504,"TAK",'Zgłoszenia'!$L$5:$L$504,"TAK")>0,"Wyłączony z pracy",IF(COUNTIFS('Zgłoszenia'!$B$5:$B$504,A207,'Zgłoszenia'!$M$5:$M$504,Ustawienia!$J$5)+COUNTIFS('Zgłoszenia'!$B$5:$B$504,A207,'Zgłoszenia'!$M$5:$M$504,Ustawienia!$J$6)>0,"W naprawie",IF(D207>0,"Usterka zgłoszona","Sprawny")))) | D207: =IF(A207="","",COUNTIFS('Zgłoszenia'!$B$5:$B$504,A207,'Zgłoszenia'!$O$5:$O$504,"TAK")) | E207: =IF(A207="","",IF(D207=0,"Brak otwartych usterek",IF(INDEX('Zgłoszenia'!$D$5:$D$504,G207)="","",RIGHT("0"&DAY(INDEX('Zgłoszenia'!$D$5:$D$504,G207)),2)&"."&RIGHT("0"&MONTH(INDEX('Zgłoszenia'!$D$5:$D$504,G207)),2)&"."&YEAR(INDEX('Zgłoszenia'!$D$5:$D$504,G207)))&" · "&INDEX('Zgłoszenia'!$H$5:$H$504,G207)&" — "&IF(INDEX('Zgłoszenia'!$M$5:$M$504,G207)="","Zgłoszona",INDEX('Zgłoszenia'!$M$5:$M$504,G207)))) | G207: =IF(OR(A207="",D207=0),"",MATCH(SUMPRODUCT(MAX(('Zgłoszenia'!$B$5:$B$504=A207)*'Zgłoszenia'!$R$5:$R$504)),'Zgłoszenia'!$R$5:$R$504,0))

Sheet Zgłoszenia
A1: ZGŁOSZENIA USZKODZEŃ
A2: ="Otwarte (do naprawy): "&COUNTIF('Zgłoszenia'!$O$5:$O$504,"TAK")&" · wszystkich: "&COUNTA('Zgłoszenia'!$B$5:$B$504) | H2: Żółte kolumny wypełniasz, białe liczą się same. Filtry w nagłówku = filtry z aplikacji. | S2: =MAX(5,SUMPRODUCT(MAX((B5:B504<>"")*ROW(B5:B504))))
A4: Lp | B4: Wózek | C4: Typ wózka | D4: Data zdarzenia | E4: Zmiana | F4: Pracownik (operator) | G4: Dział | H4: Rodzaj uderzenia | I4: Co uszkodzone | J4: Kiedy powstało | K4: Opis zdarzenia | L4: Wyłączony z pracy | M4: Status | N4: Notatka / naprawa | O4: Otwarte? | P4: Wg rozpiski | Q4: klucz historii | R4: klucz otwartych | S4: klucz wózek|data
A5: =IF(B5="","",ROW()-4) | B5: 105 | C5: =IF(B5="","",IFERROR(INDEX('Wózki'!$B$2:$B$500,MATCH(B5,'Wózki'!$A$2:$A$500,0))&"","")) | D5: 46296 | E5: I | F5: KOWALSKI JAN | G5: =IF(F5="","",IFERROR(INDEX(Pracownicy!$B$2:$B$2000,MATCH(F5,Pracownicy!$A$2:$A$2000,0))&"","")) | H5: Uderzenie w regał | I5: Widły / platforma | J5: Zgłoszone przez sprawcę | K5: Przykład: przy odkładaniu palety w alejce C uderzył widłami w słup regału C4; wygięty lewy ząb wideł. | L5: TAK | M5: Zgłoszona | O5: =IF(B5="","",IF(M5="","TAK",IFERROR(INDEX(Ustawienia!$K$4:$K$8,MATCH(M5,Ustawienia!$J$4:$J$8,0)),"TAK"))) | P5: =IF(OR(B5="",D5=""),"",IFERROR(INDEX('Dane rozpisek'!$B$2:$B$2600,MATCH(S5,'Dane rozpisek'!$H$2:$H$2600,0))&": "&INDEX('Dane rozpisek'!$E$2:$E$2600,MATCH(S5,'Dane rozpisek'!$H$2:$H$2600,0))&IF(COUNTIF('Dane rozpisek'!$H$2:$H$2600,S5)>1," (+"&(COUNTIF('Dane rozpisek'!$H$2:$H$2600,S5)-1)&")",""),"—")) | Q5: =IF(AND(B5<>"",D5<>"",OR('Historia wózka'!$B$4="",B5='Historia wózka'!$B$4),D5>='Historia wózka'!$B$5,D5<='Historia wózka'!$B$6),D5+ROW()/1000000,0) | R5: =IF(O5="TAK",IF(D5="",0,D5)+ROW()/1000000,0) | S5: =IF(OR(B5="",D5=""),"",B5&"|"&D5)
A6: =IF(B6="","",ROW()-4) | C6: =IF(B6="","",IFERROR(INDEX('Wózki'!$B$2:$B$500,MATCH(B6,'Wózki'!$A$2:$A$500,0))&"","")) | G6: =IF(F6="","",IFERROR(INDEX(Pracownicy!$B$2:$B$2000,MATCH(F6,Pracownicy!$A$2:$A$2000,0))&"","")) | O6: =IF(B6="","",IF(M6="","TAK",IFERROR(INDEX(Ustawienia!$K$4:$K$8,MATCH(M6,Ustawienia!$J$4:$J$8,0)),"TAK"))) | P6: =IF(OR(B6="",D6=""),"",IFERROR(INDEX('Dane rozpisek'!$B$2:$B$2600,MATCH(S6,'Dane rozpisek'!$H$2:$H$2600,0))&": "&INDEX('Dane rozpisek'!$E$2:$E$2600,MATCH(S6,'Dane rozpisek'!$H$2:$H$2600,0))&IF(COUNTIF('Dane rozpisek'!$H$2:$H$2600,S6)>1," (+"&(COUNTIF('Dane rozpisek'!$H$2:$H$2600,S6)-1)&")",""),"—")) | Q6: =IF(AND(B6<>"",D6<>"",OR('Historia wózka'!$B$4="",B6='Historia wózka'!$B$4),D6>='Historia wózka'!$B$5,D6<='Historia wózka'!$B$6),D6+ROW()/1000000,0) | R6: =IF(O6="TAK",IF(D6="",0,D6)+ROW()/1000000,0) | S6: =IF(OR(B6="",D6=""),"",B6&"|"&D6)
A7: =IF(B7="","",ROW()-4) | C7: =IF(B7="","",IFERROR(INDEX('Wózki'!$B$2:$B$500,MATCH(B7,'Wózki'!$A$2:$A$500,0))&"","")) | G7: =IF(F7="","",IFERROR(INDEX(Pracownicy!$B$2:$B$2000,MATCH(F7,Pracownicy!$A$2:$A$2000,0))&"","")) | O7: =IF(B7="","",IF(M7="","TAK",IFERROR(INDEX(Ustawienia!$K$4:$K$8,MATCH(M7,Ustawienia!$J$4:$J$8,0)),"TAK"))) | P7: =IF(OR(B7="",D7=""),"",IFERROR(INDEX('Dane rozpisek'!$B$2:$B$2600,MATCH(S7,'Dane rozpisek'!$H$2:$H$2600,0))&": "&INDEX('Dane rozpisek'!$E$2:$E$2600,MATCH(S7,'Dane rozpisek'!$H$2:$H$2600,0))&IF(COUNTIF('Dane rozpisek'!$H$2:$H$2600,S7)>1," (+"&(COUNTIF('Dane rozpisek'!$H$2:$H$2600,S7)-1)&")",""),"—")) | Q7: =IF(AND(B7<>"",D7<>"",OR('Historia wózka'!$B$4="",B7='Historia wózka'!$B$4),D7>='Historia wózka'!$B$5,D7<='Historia wózka'!$B$6),D7+ROW()/1000000,0) | R7: =IF(O7="TAK",IF(D7="",0,D7)+ROW()/1000000,0) | S7: =IF(OR(B7="",D7=""),"",B7&"|"&D7)
A8: =IF(B8="","",ROW()-4) | C8: =IF(B8="","",IFERROR(INDEX('Wózki'!$B$2:$B$500,MATCH(B8,'Wózki'!$A$2:$A$500,0))&"","")) | G8: =IF(F8="","",IFERROR(INDEX(Pracownicy!$B$2:$B$2000,MATCH(F8,Pracownicy!$A$2:$A$2000,0))&"","")) | O8: =IF(B8="","",IF(M8="","TAK",IFERROR(INDEX(Ustawienia!$K$4:$K$8,MATCH(M8,Ustawienia!$J$4:$J$8,0)),"TAK"))) | P8: =IF(OR(B8="",D8=""),"",IFERROR(INDEX('Dane rozpisek'!$B$2:$B$2600,MATCH(S8,'Dane rozpisek'!$H$2:$H$2600,0))&": "&INDEX('Dane rozpisek'!$E$2:$E$2600,MATCH(S8,'Dane rozpisek'!$H$2:$H$2600,0))&IF(COUNTIF('Dane rozpisek'!$H$2:$H$2600,S8)>1," (+"&(COUNTIF('Dane rozpisek'!$H$2:$H$2600,S8)-1)&")",""),"—")) | Q8: =IF(AND(B8<>"",D8<>"",OR('Historia wózka'!$B$4="",B8='Historia wózka'!$B$4),D8>='Historia wózka'!$B$5,D8<='Historia wózka'!$B$6),D8+ROW()/1000000,0) | R8: =IF(O8="TAK",IF(D8="",0,D8)+ROW()/1000000,0) | S8: =IF(OR(B8="",D8=""),"",B8&"|"&D8)
A9: =IF(B9="","",ROW()-4) | C9: =IF(B9="","",IFERROR(INDEX('Wózki'!$B$2:$B$500,MATCH(B9,'Wózki'!$A$2:$A$500,0))&"","")) | G9: =IF(F9="","",IFERROR(INDEX(Pracownicy!$B$2:$B$2000,MATCH(F9,Pracownicy!$A$2:$A$2000,0))&"","")) | O9: =IF(B9="","",IF(M9="","TAK",IFERROR(INDEX(Ustawienia!$K$4:$K$8,MATCH(M9,Ustawienia!$J$4:$J$8,0)),"TAK"))) | P9: =IF(OR(B9="",D9=""),"",IFERROR(INDEX('Dane rozpisek'!$B$2:$B$2600,MATCH(S9,'Dane rozpisek'!$H$2:$H$2600,0))&": "&INDEX('Dane rozpisek'!$E$2:$E$2600,MATCH(S9,'Dane rozpisek'!$H$2:$H$2600,0))&IF(COUNTIF('Dane rozpisek'!$H$2:$H$2600,S9)>1," (+"&(COUNTIF('Dane rozpisek'!$H$2:$H$2600,S9)-1)&")",""),"—")) | Q9: =IF(AND(B9<>"",D9<>"",OR('Historia wózka'!$B$4="",B9='Historia wózka'!$B$4),D9>='Historia wózka'!$B$5,D9<='Historia wózka'!$B$6),D9+ROW()/1000000,0) | R9: =IF(O9="TAK",IF(D9="",0,D9)+ROW()/1000000,0) | S9: =IF(OR(B9="",D9=""),"",B9&"|"&D9)
A10: =IF(B10="","",ROW()-4) | C10: =IF(B10="","",IFERROR(INDEX('Wózki'!$B$2:$B$500,MATCH(B10,'Wózki'!$A$2:$A$500,0))&"","")) | G10: =IF(F10="","",IFERROR(INDEX(Pracownicy!$B$2:$B$2000,MATCH(F10,Pracownicy!$A$2:$A$2000,0))&"","")) | O10: =IF(B10="","",IF(M10="","TAK",IFERROR(INDEX(Ustawienia!$K$4:$K$8,MATCH(M10,Ustawienia!$J$4:$J$8,0)),"TAK"))) | P10: =IF(OR(B10="",D10=""),"",IFERROR(INDEX('Dane rozpisek'!$B$2:$B$2600,MATCH(S10,'Dane rozpisek'!$H$2:$H$2600,0))&": "&INDEX('Dane rozpisek'!$E$2:$E$2600,MATCH(S10,'Dane rozpisek'!$H$2:$H$2600,0))&IF(COUNTIF('Dane rozpisek'!$H$2:$H$2600,S10)>1," (+"&(COUNTIF('Dane rozpisek'!$H$2:$H$2600,S10)-1)&")",""),"—")) | Q10: =IF(AND(B10<>"",D10<>"",OR('Historia wózka'!$B$4="",B10='Historia wózka'!$B$4),D10>='Historia wózka'!$B$5,D10<='Historia wózka'!$B$6),D10+ROW()/1000000,0) | R10: =IF(O10="TAK",IF(D10="",0,D10)+ROW()/1000000,0) | S10: =IF(OR(B10="",D10=""),"",B10&"|"&D10)
A11: =IF(B11="","",ROW()-4) | C11: =IF(B11="","",IFERROR(INDEX('Wózki'!$B$2:$B$500,MATCH(B11,'Wózki'!$A$2:$A$500,0))&"","")) | G11: =IF(F11="","",IFERROR(INDEX(Pracownicy!$B$2:$B$2000,MATCH(F11,Pracownicy!$A$2:$A$2000,0))&"","")) | O11: =IF(B11="","",IF(M11="","TAK",IFERROR(INDEX(Ustawienia!$K$4:$K$8,MATCH(M11,Ustawienia!$J$4:$J$8,0)),"TAK"))) | P11: =IF(OR(B11="",D11=""),"",IFERROR(INDEX('Dane rozpisek'!$B$2:$B$2600,MATCH(S11,'Dane rozpisek'!$H$2:$H$2600,0))&": "&INDEX('Dane rozpisek'!$E$2:$E$2600,MATCH(S11,'Dane rozpisek'!$H$2:$H$2600,0))&IF(COUNTIF('Dane rozpisek'!$H$2:$H$2600,S11)>1," (+"&(COUNTIF('Dane rozpisek'!$H$2:$H$2600,S11)-1)&")",""),"—")) | Q11: =IF(AND(B11<>"",D11<>"",OR('Historia wózka'!$B$4="",B11='Historia wózka'!$B$4),D11>='Historia wózka'!$B$5,D11<='Historia wózka'!$B$6),D11+ROW()/1000000,0) | R11: =IF(O11="TAK",IF(D11="",0,D11)+ROW()/1000000,0) | S11: =IF(OR(B11="",D11=""),"",B11&"|"&D11)
A12: =IF(B12="","",ROW()-4) | C12: =IF(B12="","",IFERROR(INDEX('Wózki'!$B$2:$B$500,MATCH(B12,'Wózki'!$A$2:$A$500,0))&"","")) | G12: =IF(F12="","",IFERROR(INDEX(Pracownicy!$B$2:$B$2000,MATCH(F12,Pracownicy!$A$2:$A$2000,0))&"","")) | O12: =IF(B12="","",IF(M12="","TAK",IFERROR(INDEX(Ustawienia!$K$4:$K$8,MATCH(M12,Ustawienia!$J$4:$J$8,0)),"TAK"))) | P12: =IF(OR(B12="",D12=""),"",IFERROR(INDEX('Dane rozpisek'!$B$2:$B$2600,MATCH(S12,'Dane rozpisek'!$H$2:$H$2600,0))&": "&INDEX('Dane rozpisek'!$E$2:$E$2600,MATCH(S12,'Dane rozpisek'!$H$2:$H$2600,0))&IF(COUNTIF('Dane rozpisek'!$H$2:$H$2600,S12)>1," (+"&(COUNTIF('Dane rozpisek'!$H$2:$H$2600,S12)-1)&")",""),"—")) | Q12: =IF(AND(B12<>"",D12<>"",OR('Historia wózka'!$B$4="",B12='Historia wózka'!$B$4),D12>='Historia wózka'!$B$5,D12<='Historia wózka'!$B$6),D12+ROW()/1000000,0) | R12: =IF(O12="TAK",IF(D12="",0,D12)+ROW()/1000000,0) | S12: =IF(OR(B12="",D12=""),"",B12&"|"&D12)
A13: =IF(B13="","",ROW()-4) | C13: =IF(B13="","",IFERROR(INDEX('Wózki'!$B$2:$B$500,MATCH(B13,'Wózki'!$A$2:$A$500,0))&"","")) | G13: =IF(F13="","",IFERROR(INDEX(Pracownicy!$B$2:$B$2000,MATCH(F13,Pracownicy!$A$2:$A$2000,0))&"","")) | O13: =IF(B13="","",IF(M13="","TAK",IFERROR(INDEX(Ustawienia!$K$4:$K$8,MATCH(M13,Ustawienia!$J$4:$J$8,0)),"TAK"))) | P13: =IF(OR(B13="",D13=""),"",IFERROR(INDEX('Dane rozpisek'!$B$2:$B$2600,MATCH(S13,'Dane rozpisek'!$H$2:$H$2600,0))&": "&INDEX('Dane rozpisek'!$E$2:$E$2600,MATCH(S13,'Dane rozpisek'!$H$2:$H$2600,0))&IF(COUNTIF('Dane rozpisek'!$H$2:$H$2600,S13)>1," (+"&(COUNTIF('Dane rozpisek'!$H$2:$H$2600,S13)-1)&")",""),"—")) | Q13: =IF(AND(B13<>"",D13<>"",OR('Historia wózka'!$B$4="",B13='Historia wózka'!$B$4),D13>='Historia wózka'!$B$5,D13<='Historia wózka'!$B$6),D13+ROW()/1000000,0) | R13: =IF(O13="TAK",IF(D13="",0,D13)+ROW()/1000000,0) | S13: =IF(OR(B13="",D13=""),"",B13&"|"&D13)
A14: =IF(B14="","",ROW()-4) | C14: =IF(B14="","",IFERROR(INDEX('Wózki'!$B$2:$B$500,MATCH(B14,'Wózki'!$A$2:$A$500,0))&"","")) | G14: =IF(F14="","",IFERROR(INDEX(Pracownicy!$B$2:$B$2000,MATCH(F14,Pracownicy!$A$2:$A$2000,0))&"","")) | O14: =IF(B14="","",IF(M14="","TAK",IFERROR(INDEX(Ustawienia!$K$4:$K$8,MATCH(M14,Ustawienia!$J$4:$J$8,0)),"TAK"))) | P14: =IF(OR(B14="",D14=""),"",IFERROR(INDEX('Dane rozpisek'!$B$2:$B$2600,MATCH(S14,'Dane rozpisek'!$H$2:$H$2600,0))&": "&INDEX('Dane rozpisek'!$E$2:$E$2600,MATCH(S14,'Dane rozpisek'!$H$2:$H$2600,0))&IF(COUNTIF('Dane rozpisek'!$H$2:$H$2600,S14)>1," (+"&(COUNTIF('Dane rozpisek'!$H$2:$H$2600,S14)-1)&")",""),"—")) | Q14: =IF(AND(B14<>"",D14<>"",OR('Historia wózka'!$B$4="",B14='Historia wózka'!$B$4),D14>='Historia wózka'!$B$5,D14<='Historia wózka'!$B$6),D14+ROW()/1000000,0) | R14: =IF(O14="TAK",IF(D14="",0,D14)+ROW()/1000000,0) | S14: =IF(OR(B14="",D14=""),"",B14&"|"&D14)
A15: =IF(B15="","",ROW()-4) | C15: =IF(B15="","",IFERROR(INDEX('Wózki'!$B$2:$B$500,MATCH(B15,'Wózki'!$A$2:$A$500,0))&"","")) | G15: =IF(F15="","",IFERROR(INDEX(Pracownicy!$B$2:$B$2000,MATCH(F15,Pracownicy!$A$2:$A$2000,0))&"","")) | O15: =IF(B15="","",IF(M15="","TAK",IFERROR(INDEX(Ustawienia!$K$4:$K$8,MATCH(M15,Ustawienia!$J$4:$J$8,0)),"TAK"))) | P15: =IF(OR(B15="",D15=""),"",IFERROR(INDEX('Dane rozpisek'!$B$2:$B$2600,MATCH(S15,'Dane rozpisek'!$H$2:$H$2600,0))&": "&INDEX('Dane rozpisek'!$E$2:$E$2600,MATCH(S15,'Dane rozpisek'!$H$2:$H$2600,0))&IF(COUNTIF('Dane rozpisek'!$H$2:$H$2600,S15)>1," (+"&(COUNTIF('Dane rozpisek'!$H$2:$H$2600,S15)-1)&")",""),"—")) | Q15: =IF(AND(B15<>"",D15<>"",OR('Historia wózka'!$B$4="",B15='Historia wózka'!$B$4),D15>='Historia wózka'!$B$5,D15<='Historia wózka'!$B$6),D15+ROW()/1000000,0) | R15: =IF(O15="TAK",IF(D15="",0,D15)+ROW()/1000000,0) | S15: =IF(OR(B15="",D15=""),"",B15&"|"&D15)
A16: =IF(B16="","",ROW()-4) | C16: =IF(B16="","",IFERROR(INDEX('Wózki'!$B$2:$B$500,MATCH(B16,'Wózki'!$A$2:$A$500,0))&"","")) | G16: =IF(F16="","",IFERROR(INDEX(Pracownicy!$B$2:$B$2000,MATCH(F16,Pracownicy!$A$2:$A$2000,0))&"","")) | O16: =IF(B16="","",IF(M16="","TAK",IFERROR(INDEX(Ustawienia!$K$4:$K$8,MATCH(M16,Ustawienia!$J$4:$J$8,0)),"TAK"))) | P16: =IF(OR(B16="",D16=""),"",IFERROR(INDEX('Dane rozpisek'!$B$2:$B$2600,MATCH(S16,'Dane rozpisek'!$H$2:$H$2600,0))&": "&INDEX('Dane rozpisek'!$E$2:$E$2600,MATCH(S16,'Dane rozpisek'!$H$2:$H$2600,0))&IF(COUNTIF('Dane rozpisek'!$H$2:$H$2600,S16)>1," (+"&(COUNTIF('Dane rozpisek'!$H$2:$H$2600,S16)-1)&")",""),"—")) | Q16: =IF(AND(B16<>"",D16<>"",OR('Historia wózka'!$B$4="",B16='Historia wózka'!$B$4),D16>='Historia wózka'!$B$5,D16<='Historia wózka'!$B$6),D16+ROW()/1000000,0) | R16: =IF(O16="TAK",IF(D16="",0,D16)+ROW()/1000000,0) | S16: =IF(OR(B16="",D16=""),"",B16&"|"&D16)
A17: =IF(B17="","",ROW()-4) | C17: =IF(B17="","",IFERROR(INDEX('Wózki'!$B$2:$B$500,MATCH(B17,'Wózki'!$A$2:$A$500,0))&"","")) | G17: =IF(F17="","",IFERROR(INDEX(Pracownicy!$B$2:$B$2000,MATCH(F17,Pracownicy!$A$2:$A$2000,0))&"","")) | O17: =IF(B17="","",IF(M17="","TAK",IFERROR(INDEX(Ustawienia!$K$4:$K$8,MATCH(M17,Ustawienia!$J$4:$J$8,0)),"TAK"))) | P17: =IF(OR(B17="",D17=""),"",IFERROR(INDEX('Dane rozpisek'!$B$2:$B$2600,MATCH(S17,'Dane rozpisek'!$H$2:$H$2600,0))&": "&INDEX('Dane rozpisek'!$E$2:$E$2600,MATCH(S17,'Dane rozpisek'!$H$2:$H$2600,0))&IF(COUNTIF('Dane rozpisek'!$H$2:$H$2600,S17)>1," (+"&(COUNTIF('Dane rozpisek'!$H$2:$H$2600,S17)-1)&")",""),"—")) | Q17: =IF(AND(B17<>"",D17<>"",OR('Historia wózka'!$B$4="",B17='Historia wózka'!$B$4),D17>='Historia wózka'!$B$5,D17<='Historia wózka'!$B$6),D17+ROW()/1000000,0) | R17: =IF(O17="TAK",IF(D17="",0,D17)+ROW()/1000000,0) | S17: =IF(OR(B17="",D17=""),"",B17&"|"&D17)
... A504: =IF(B504="","",ROW()-4) | C504: =IF(B504="","",IFERROR(INDEX('Wózki'!$B$2:$B$500,MATCH(B504,'Wózki'!$A$2:$A$500,0))&"","")) | G504: =IF(F504="","",IFERROR(INDEX(Pracownicy!$B$2:$B$2000,MATCH(F504,Pracownicy!$A$2:$A$2000,0))&"","")) | O504: =IF(B504="","",IF(M504="","TAK",IFERROR(INDEX(Ustawienia!$K$4:$K$8,MATCH(M504,Ustawienia!$J$4:$J$8,0)),"TAK"))) | P504: =IF(OR(B504="",D504=""),"",IFERROR(INDEX('Dane rozpisek'!$B$2:$B$2600,MATCH(S504,'Dane rozpisek'!$H$2:$H$2600,0))&": "&INDEX('Dane rozpisek'!$E$2:$E$2600,MATCH(S504,'Dane rozpisek'!$H$2:$H$2600,0))&IF(COUNTIF('Dane rozpisek'!$H$2:$H$2600,S504)>1," (+"&(COUNTIF('Dane rozpisek'!$H$2:$H$2600,S504)-1)&")",""),"—")) | Q504: =IF(AND(B504<>"",D504<>"",OR('Historia wózka'!$B$4="",B504='Historia wózka'!$B$4),D504>='Historia wózka'!$B$5,D504<='Historia wózka'!$B$6),D504+ROW()/1000000,0) | R504: =IF(O504="TAK",IF(D504="",0,D504)+ROW()/1000000,0) | S504: =IF(OR(B504="",D504=""),"",B504&"|"&D504)

Sheet Historia wózka
A1: HISTORIA WÓZKA
A2: =IF(B4="","Wszystkie wózki","Wózek "&B4)&" · "&IF(B5="","",RIGHT("0"&DAY(B5),2)&"."&RIGHT("0"&MONTH(B5),2)&"."&YEAR(B5))&" – "&IF(B6="","",RIGHT("0"&DAY(B6),2)&"."&RIGHT("0"&MONTH(B6),2)&"."&YEAR(B6)) | K2: pomocnicze: | L2: =MIN(COUNTIF('Zgłoszenia'!$Q$5:$Q$504,">0"),100)
L3: =MIN(COUNTIF('Dane rozpisek'!$I$2:$I$2600,">0"),300)
A4: Wózek: | D4: ← wybierz wózek (puste = wszystkie) | L4: =12+L5+3+L3
A5: Od: | B5: =DATE(Rok,Miesiac,1) | D5: ← domyślnie miesiąc z Ustawień; możesz wpisać dowolne daty | L5: =MAX(L2,1)
A6: Do: | B6: =EOMONTH(B5,0)
A8: =COUNTIF('Zgłoszenia'!$Q$5:$Q$504,">0") | C8: =COUNTIFS('Zgłoszenia'!$Q$5:$Q$504,">0",'Zgłoszenia'!$O$5:$O$504,"TAK") | E8: =ROUND(SUMPRODUCT(('Dane rozpisek'!$I$2:$I$2600>0)/(COUNTIFS('Dane rozpisek'!$A$2:$A$2600,'Dane rozpisek'!$A$2:$A$2600,'Dane rozpisek'!$I$2:$I$2600,">0")+('Dane rozpisek'!$I$2:$I$2600=0))),0) | G8: =ROUND(SUMPRODUCT(('Dane rozpisek'!$I$2:$I$2600>0)*('Dane rozpisek'!$E$2:$E$2600<>"")/(COUNTIFS('Dane rozpisek'!$E$2:$E$2600,'Dane rozpisek'!$E$2:$E$2600,'Dane rozpisek'!$I$2:$I$2600,">0")+('Dane rozpisek'!$I$2:$I$2600=0))),0)
A9: Usterek w okresie | C9: Otwartych usterek | E9: Dni w rozpiskach | G9: Różnych operatorów
A11: USTERKI I USZKODZENIA
A12: Data | B12: Wózek | C12: Zmiana | D12: Uderzenie | E12: Co uszkodzone | F12: Kiedy powstało | G12: Operator | H12: Wg rozpiski | I12: Status | J12: Opis
A13: =IF($L13="D",INDEX('Zgłoszenia'!$D$5:$D$504,$M13),IF($L13="U",INDEX('Dane rozpisek'!$A$2:$A$2600,$M13),IF($L13="T","KTO JEŹDZIŁ",IF($L13="E1","Brak zgłoszonych usterek w tym okresie.",IF($L13="E2","Brak wpisów z tym wózkiem w rozpiskach dla tego okresu.",IF($L13="H","Data","")))))) | B13: =IF($L13="D",INDEX('Zgłoszenia'!$B$5:$B$504,$M13)&"",IF($L13="U",INDEX('Dane rozpisek'!$F$2:$F$2600,$M13)&"",IF($L13="H","Wózek",""))) | C13: =IF($L13="D",INDEX('Zgłoszenia'!$E$5:$E$504,$M13)&"",IF($L13="U",INDEX('Dane rozpisek'!$B$2:$B$2600,$M13)&" · "&INDEX('Dane rozpisek'!$J$2:$J$2600,$M13),IF($L13="H","Zmiana",""))) | D13: =IF($L13="D",INDEX('Zgłoszenia'!$H$5:$H$504,$M13)&"",IF($L13="U",INDEX('Dane rozpisek'!$E$2:$E$2600,$M13)&"",IF($L13="H","Operator",""))) | E13: =IF($L13="D",INDEX('Zgłoszenia'!$I$5:$I$504,$M13)&"",IF($L13="U",INDEX('Dane rozpisek'!$C$2:$C$2600,$M13)&"",IF($L13="H","Stanowisko",""))) | F13: =IF($L13="D",INDEX('Zgłoszenia'!$J$5:$J$504,$M13)&"",IF($L13="U",INDEX('Dane rozpisek'!$G$2:$G$2600,$M13)&"",IF($L13="H","Uwagi",""))) | G13: =IF($L13="D",INDEX('Zgłoszenia'!$F$5:$F$504,$M13)&"",IF($L13="U",INDEX('Dane rozpisek'!$L$2:$L$2600,$M13)&"",IF($L13="H","Usterki (dzień / następny)",""))) | H13: =IF($L13="D",INDEX('Zgłoszenia'!$P$5:$P$504,$M13)&"",IF($L13="U","","")) | I13: =IF($L13="D",IF(INDEX('Zgłoszenia'!$M$5:$M$504,$M13)="","Zgłoszona",INDEX('Zgłoszenia'!$M$5:$M$504,$M13)),IF($L13="U","","")) | J13: =IF($L13="D",INDEX('Zgłoszenia'!$K$5:$K$504,$M13)&"",IF($L13="U","","")) | L13: =IF((ROW()-12)<=$L$5,IF($L$2=0,"E1","D"),IF((ROW()-12)=$L$5+1,"",IF((ROW()-12)=$L$5+2,"T",IF((ROW()-12)=$L$5+3,IF($L$3=0,"E2","H"),IF((ROW()-12)<=$L$5+3+$L$3,"U",""))))) | M13: =IF(L13="D",MATCH(LARGE('Zgłoszenia'!$Q$5:$Q$504,(ROW()-12)),'Zgłoszenia'!$Q$5:$Q$504,0),IF(L13="U",MATCH(LARGE('Dane rozpisek'!$I$2:$I$2600,(ROW()-12)-$L$5-3),'Dane rozpisek'!$I$2:$I$2600,0),""))
A14: =IF($L14="D",INDEX('Zgłoszenia'!$D$5:$D$504,$M14),IF($L14="U",INDEX('Dane rozpisek'!$A$2:$A$2600,$M14),IF($L14="T","KTO JEŹDZIŁ",IF($L14="E1","Brak zgłoszonych usterek w tym okresie.",IF($L14="E2","Brak wpisów z tym wózkiem w rozpiskach dla tego okresu.",IF($L14="H","Data","")))))) | B14: =IF($L14="D",INDEX('Zgłoszenia'!$B$5:$B$504,$M14)&"",IF($L14="U",INDEX('Dane rozpisek'!$F$2:$F$2600,$M14)&"",IF($L14="H","Wózek",""))) | C14: =IF($L14="D",INDEX('Zgłoszenia'!$E$5:$E$504,$M14)&"",IF($L14="U",INDEX('Dane rozpisek'!$B$2:$B$2600,$M14)&" · "&INDEX('Dane rozpisek'!$J$2:$J$2600,$M14),IF($L14="H","Zmiana",""))) | D14: =IF($L14="D",INDEX('Zgłoszenia'!$H$5:$H$504,$M14)&"",IF($L14="U",INDEX('Dane rozpisek'!$E$2:$E$2600,$M14)&"",IF($L14="H","Operator",""))) | E14: =IF($L14="D",INDEX('Zgłoszenia'!$I$5:$I$504,$M14)&"",IF($L14="U",INDEX('Dane rozpisek'!$C$2:$C$2600,$M14)&"",IF($L14="H","Stanowisko",""))) | F14: =IF($L14="D",INDEX('Zgłoszenia'!$J$5:$J$504,$M14)&"",IF($L14="U",INDEX('Dane rozpisek'!$G$2:$G$2600,$M14)&"",IF($L14="H","Uwagi",""))) | G14: =IF($L14="D",INDEX('Zgłoszenia'!$F$5:$F$504,$M14)&"",IF($L14="U",INDEX('Dane rozpisek'!$L$2:$L$2600,$M14)&"",IF($L14="H","Usterki (dzień / następny)",""))) | H14: =IF($L14="D",INDEX('Zgłoszenia'!$P$5:$P$504,$M14)&"",IF($L14="U","","")) | I14: =IF($L14="D",IF(INDEX('Zgłoszenia'!$M$5:$M$504,$M14)="","Zgłoszona",INDEX('Zgłoszenia'!$M$5:$M$504,$M14)),IF($L14="U","","")) | J14: =IF($L14="D",INDEX('Zgłoszenia'!$K$5:$K$504,$M14)&"",IF($L14="U","","")) | L14: =IF((ROW()-12)<=$L$5,IF($L$2=0,"E1","D"),IF((ROW()-12)=$L$5+1,"",IF((ROW()-12)=$L$5+2,"T",IF((ROW()-12)=$L$5+3,IF($L$3=0,"E2","H"),IF((ROW()-12)<=$L$5+3+$L$3,"U",""))))) | M14: =IF(L14="D",MATCH(LARGE('Zgłoszenia'!$Q$5:$Q$504,(ROW()-12)),'Zgłoszenia'!$Q$5:$Q$504,0),IF(L14="U",MATCH(LARGE('Dane rozpisek'!$I$2:$I$2600,(ROW()-12)-$L$5-3),'Dane rozpisek'!$I$2:$I$2600,0),""))
A15: =IF($L15="D",INDEX('Zgłoszenia'!$D$5:$D$504,$M15),IF($L15="U",INDEX('Dane rozpisek'!$A$2:$A$2600,$M15),IF($L15="T","KTO JEŹDZIŁ",IF($L15="E1","Brak zgłoszonych usterek w tym okresie.",IF($L15="E2","Brak wpisów z tym wózkiem w rozpiskach dla tego okresu.",IF($L15="H","Data","")))))) | B15: =IF($L15="D",INDEX('Zgłoszenia'!$B$5:$B$504,$M15)&"",IF($L15="U",INDEX('Dane rozpisek'!$F$2:$F$2600,$M15)&"",IF($L15="H","Wózek",""))) | C15: =IF($L15="D",INDEX('Zgłoszenia'!$E$5:$E$504,$M15)&"",IF($L15="U",INDEX('Dane rozpisek'!$B$2:$B$2600,$M15)&" · "&INDEX('Dane rozpisek'!$J$2:$J$2600,$M15),IF($L15="H","Zmiana",""))) | D15: =IF($L15="D",INDEX('Zgłoszenia'!$H$5:$H$504,$M15)&"",IF($L15="U",INDEX('Dane rozpisek'!$E$2:$E$2600,$M15)&"",IF($L15="H","Operator",""))) | E15: =IF($L15="D",INDEX('Zgłoszenia'!$I$5:$I$504,$M15)&"",IF($L15="U",INDEX('Dane rozpisek'!$C$2:$C$2600,$M15)&"",IF($L15="H","Stanowisko",""))) | F15: =IF($L15="D",INDEX('Zgłoszenia'!$J$5:$J$504,$M15)&"",IF($L15="U",INDEX('Dane rozpisek'!$G$2:$G$2600,$M15)&"",IF($L15="H","Uwagi",""))) | G15: =IF($L15="D",INDEX('Zgłoszenia'!$F$5:$F$504,$M15)&"",IF($L15="U",INDEX('Dane rozpisek'!$L$2:$L$2600,$M15)&"",IF($L15="H","Usterki (dzień / następny)",""))) | H15: =IF($L15="D",INDEX('Zgłoszenia'!$P$5:$P$504,$M15)&"",IF($L15="U","","")) | I15: =IF($L15="D",IF(INDEX('Zgłoszenia'!$M$5:$M$504,$M15)="","Zgłoszona",INDEX('Zgłoszenia'!$M$5:$M$504,$M15)),IF($L15="U","","")) | J15: =IF($L15="D",INDEX('Zgłoszenia'!$K$5:$K$504,$M15)&"",IF($L15="U","","")) | L15: =IF((ROW()-12)<=$L$5,IF($L$2=0,"E1","D"),IF((ROW()-12)=$L$5+1,"",IF((ROW()-12)=$L$5+2,"T",IF((ROW()-12)=$L$5+3,IF($L$3=0,"E2","H"),IF((ROW()-12)<=$L$5+3+$L$3,"U",""))))) | M15: =IF(L15="D",MATCH(LARGE('Zgłoszenia'!$Q$5:$Q$504,(ROW()-12)),'Zgłoszenia'!$Q$5:$Q$504,0),IF(L15="U",MATCH(LARGE('Dane rozpisek'!$I$2:$I$2600,(ROW()-12)-$L$5-3),'Dane rozpisek'!$I$2:$I$2600,0),""))
A16: =IF($L16="D",INDEX('Zgłoszenia'!$D$5:$D$504,$M16),IF($L16="U",INDEX('Dane rozpisek'!$A$2:$A$2600,$M16),IF($L16="T","KTO JEŹDZIŁ",IF($L16="E1","Brak zgłoszonych usterek w tym okresie.",IF($L16="E2","Brak wpisów z tym wózkiem w rozpiskach dla tego okresu.",IF($L16="H","Data","")))))) | B16: =IF($L16="D",INDEX('Zgłoszenia'!$B$5:$B$504,$M16)&"",IF($L16="U",INDEX('Dane rozpisek'!$F$2:$F$2600,$M16)&"",IF($L16="H","Wózek",""))) | C16: =IF($L16="D",INDEX('Zgłoszenia'!$E$5:$E$504,$M16)&"",IF($L16="U",INDEX('Dane rozpisek'!$B$2:$B$2600,$M16)&" · "&INDEX('Dane rozpisek'!$J$2:$J$2600,$M16),IF($L16="H","Zmiana",""))) | D16: =IF($L16="D",INDEX('Zgłoszenia'!$H$5:$H$504,$M16)&"",IF($L16="U",INDEX('Dane rozpisek'!$E$2:$E$2600,$M16)&"",IF($L16="H","Operator",""))) | E16: =IF($L16="D",INDEX('Zgłoszenia'!$I$5:$I$504,$M16)&"",IF($L16="U",INDEX('Dane rozpisek'!$C$2:$C$2600,$M16)&"",IF($L16="H","Stanowisko",""))) | F16: =IF($L16="D",INDEX('Zgłoszenia'!$J$5:$J$504,$M16)&"",IF($L16="U",INDEX('Dane rozpisek'!$G$2:$G$2600,$M16)&"",IF($L16="H","Uwagi",""))) | G16: =IF($L16="D",INDEX('Zgłoszenia'!$F$5:$F$504,$M16)&"",IF($L16="U",INDEX('Dane rozpisek'!$L$2:$L$2600,$M16)&"",IF($L16="H","Usterki (dzień / następny)",""))) | H16: =IF($L16="D",INDEX('Zgłoszenia'!$P$5:$P$504,$M16)&"",IF($L16="U","","")) | I16: =IF($L16="D",IF(INDEX('Zgłoszenia'!$M$5:$M$504,$M16)="","Zgłoszona",INDEX('Zgłoszenia'!$M$5:$M$504,$M16)),IF($L16="U","","")) | J16: =IF($L16="D",INDEX('Zgłoszenia'!$K$5:$K$504,$M16)&"",IF($L16="U","","")) | L16: =IF((ROW()-12)<=$L$5,IF($L$2=0,"E1","D"),IF((ROW()-12)=$L$5+1,"",IF((ROW()-12)=$L$5+2,"T",IF((ROW()-12)=$L$5+3,IF($L$3=0,"E2","H"),IF((ROW()-12)<=$L$5+3+$L$3,"U",""))))) | M16: =IF(L16="D",MATCH(LARGE('Zgłoszenia'!$Q$5:$Q$504,(ROW()-12)),'Zgłoszenia'!$Q$5:$Q$504,0),IF(L16="U",MATCH(LARGE('Dane rozpisek'!$I$2:$I$2600,(ROW()-12)-$L$5-3),'Dane rozpisek'!$I$2:$I$2600,0),""))
A17: =IF($L17="D",INDEX('Zgłoszenia'!$D$5:$D$504,$M17),IF($L17="U",INDEX('Dane rozpisek'!$A$2:$A$2600,$M17),IF($L17="T","KTO JEŹDZIŁ",IF($L17="E1","Brak zgłoszonych usterek w tym okresie.",IF($L17="E2","Brak wpisów z tym wózkiem w rozpiskach dla tego okresu.",IF($L17="H","Data","")))))) | B17: =IF($L17="D",INDEX('Zgłoszenia'!$B$5:$B$504,$M17)&"",IF($L17="U",INDEX('Dane rozpisek'!$F$2:$F$2600,$M17)&"",IF($L17="H","Wózek",""))) | C17: =IF($L17="D",INDEX('Zgłoszenia'!$E$5:$E$504,$M17)&"",IF($L17="U",INDEX('Dane rozpisek'!$B$2:$B$2600,$M17)&" · "&INDEX('Dane rozpisek'!$J$2:$J$2600,$M17),IF($L17="H","Zmiana",""))) | D17: =IF($L17="D",INDEX('Zgłoszenia'!$H$5:$H$504,$M17)&"",IF($L17="U",INDEX('Dane rozpisek'!$E$2:$E$2600,$M17)&"",IF($L17="H","Operator",""))) | E17: =IF($L17="D",INDEX('Zgłoszenia'!$I$5:$I$504,$M17)&"",IF($L17="U",INDEX('Dane rozpisek'!$C$2:$C$2600,$M17)&"",IF($L17="H","Stanowisko",""))) | F17: =IF($L17="D",INDEX('Zgłoszenia'!$J$5:$J$504,$M17)&"",IF($L17="U",INDEX('Dane rozpisek'!$G$2:$G$2600,$M17)&"",IF($L17="H","Uwagi",""))) | G17: =IF($L17="D",INDEX('Zgłoszenia'!$F$5:$F$504,$M17)&"",IF($L17="U",INDEX('Dane rozpisek'!$L$2:$L$2600,$M17)&"",IF($L17="H","Usterki (dzień / następny)",""))) | H17: =IF($L17="D",INDEX('Zgłoszenia'!$P$5:$P$504,$M17)&"",IF($L17="U","","")) | I17: =IF($L17="D",IF(INDEX('Zgłoszenia'!$M$5:$M$504,$M17)="","Zgłoszona",INDEX('Zgłoszenia'!$M$5:$M$504,$M17)),IF($L17="U","","")) | J17: =IF($L17="D",INDEX('Zgłoszenia'!$K$5:$K$504,$M17)&"",IF($L17="U","","")) | L17: =IF((ROW()-12)<=$L$5,IF($L$2=0,"E1","D"),IF((ROW()-12)=$L$5+1,"",IF((ROW()-12)=$L$5+2,"T",IF((ROW()-12)=$L$5+3,IF($L$3=0,"E2","H"),IF((ROW()-12)<=$L$5+3+$L$3,"U",""))))) | M17: =IF(L17="D",MATCH(LARGE('Zgłoszenia'!$Q$5:$Q$504,(ROW()-12)),'Zgłoszenia'!$Q$5:$Q$504,0),IF(L17="U",MATCH(LARGE('Dane rozpisek'!$I$2:$I$2600,(ROW()-12)-$L$5-3),'Dane rozpisek'!$I$2:$I$2600,0),""))
A18: =IF($L18="D",INDEX('Zgłoszenia'!$D$5:$D$504,$M18),IF($L18="U",INDEX('Dane rozpisek'!$A$2:$A$2600,$M18),IF($L18="T","KTO JEŹDZIŁ",IF($L18="E1","Brak zgłoszonych usterek w tym okresie.",IF($L18="E2","Brak wpisów z tym wózkiem w rozpiskach dla tego okresu.",IF($L18="H","Data","")))))) | B18: =IF($L18="D",INDEX('Zgłoszenia'!$B$5:$B$504,$M18)&"",IF($L18="U",INDEX('Dane rozpisek'!$F$2:$F$2600,$M18)&"",IF($L18="H","Wózek",""))) | C18: =IF($L18="D",INDEX('Zgłoszenia'!$E$5:$E$504,$M18)&"",IF($L18="U",INDEX('Dane rozpisek'!$B$2:$B$2600,$M18)&" · "&INDEX('Dane rozpisek'!$J$2:$J$2600,$M18),IF($L18="H","Zmiana",""))) | D18: =IF($L18="D",INDEX('Zgłoszenia'!$H$5:$H$504,$M18)&"",IF($L18="U",INDEX('Dane rozpisek'!$E$2:$E$2600,$M18)&"",IF($L18="H","Operator",""))) | E18: =IF($L18="D",INDEX('Zgłoszenia'!$I$5:$I$504,$M18)&"",IF($L18="U",INDEX('Dane rozpisek'!$C$2:$C$2600,$M18)&"",IF($L18="H","Stanowisko",""))) | F18: =IF($L18="D",INDEX('Zgłoszenia'!$J$5:$J$504,$M18)&"",IF($L18="U",INDEX('Dane rozpisek'!$G$2:$G$2600,$M18)&"",IF($L18="H","Uwagi",""))) | G18: =IF($L18="D",INDEX('Zgłoszenia'!$F$5:$F$504,$M18)&"",IF($L18="U",INDEX('Dane rozpisek'!$L$2:$L$2600,$M18)&"",IF($L18="H","Usterki (dzień / następny)",""))) | H18: =IF($L18="D",INDEX('Zgłoszenia'!$P$5:$P$504,$M18)&"",IF($L18="U","","")) | I18: =IF($L18="D",IF(INDEX('Zgłoszenia'!$M$5:$M$504,$M18)="","Zgłoszona",INDEX('Zgłoszenia'!$M$5:$M$504,$M18)),IF($L18="U","","")) | J18: =IF($L18="D",INDEX('Zgłoszenia'!$K$5:$K$504,$M18)&"",IF($L18="U","","")) | L18: =IF((ROW()-12)<=$L$5,IF($L$2=0,"E1","D"),IF((ROW()-12)=$L$5+1,"",IF((ROW()-12)=$L$5+2,"T",IF((ROW()-12)=$L$5+3,IF($L$3=0,"E2","H"),IF((ROW()-12)<=$L$5+3+$L$3,"U",""))))) | M18: =IF(L18="D",MATCH(LARGE('Zgłoszenia'!$Q$5:$Q$504,(ROW()-12)),'Zgłoszenia'!$Q$5:$Q$504,0),IF(L18="U",MATCH(LARGE('Dane rozpisek'!$I$2:$I$2600,(ROW()-12)-$L$5-3),'Dane rozpisek'!$I$2:$I$2600,0),""))
A19: =IF($L19="D",INDEX('Zgłoszenia'!$D$5:$D$504,$M19),IF($L19="U",INDEX('Dane rozpisek'!$A$2:$A$2600,$M19),IF($L19="T","KTO JEŹDZIŁ",IF($L19="E1","Brak zgłoszonych usterek w tym okresie.",IF($L19="E2","Brak wpisów z tym wózkiem w rozpiskach dla tego okresu.",IF($L19="H","Data","")))))) | B19: =IF($L19="D",INDEX('Zgłoszenia'!$B$5:$B$504,$M19)&"",IF($L19="U",INDEX('Dane rozpisek'!$F$2:$F$2600,$M19)&"",IF($L19="H","Wózek",""))) | C19: =IF($L19="D",INDEX('Zgłoszenia'!$E$5:$E$504,$M19)&"",IF($L19="U",INDEX('Dane rozpisek'!$B$2:$B$2600,$M19)&" · "&INDEX('Dane rozpisek'!$J$2:$J$2600,$M19),IF($L19="H","Zmiana",""))) | D19: =IF($L19="D",INDEX('Zgłoszenia'!$H$5:$H$504,$M19)&"",IF($L19="U",INDEX('Dane rozpisek'!$E$2:$E$2600,$M19)&"",IF($L19="H","Operator",""))) | E19: =IF($L19="D",INDEX('Zgłoszenia'!$I$5:$I$504,$M19)&"",IF($L19="U",INDEX('Dane rozpisek'!$C$2:$C$2600,$M19)&"",IF($L19="H","Stanowisko",""))) | F19: =IF($L19="D",INDEX('Zgłoszenia'!$J$5:$J$504,$M19)&"",IF($L19="U",INDEX('Dane rozpisek'!$G$2:$G$2600,$M19)&"",IF($L19="H","Uwagi",""))) | G19: =IF($L19="D",INDEX('Zgłoszenia'!$F$5:$F$504,$M19)&"",IF($L19="U",INDEX('Dane rozpisek'!$L$2:$L$2600,$M19)&"",IF($L19="H","Usterki (dzień / następny)",""))) | H19: =IF($L19="D",INDEX('Zgłoszenia'!$P$5:$P$504,$M19)&"",IF($L19="U","","")) | I19: =IF($L19="D",IF(INDEX('Zgłoszenia'!$M$5:$M$504,$M19)="","Zgłoszona",INDEX('Zgłoszenia'!$M$5:$M$504,$M19)),IF($L19="U","","")) | J19: =IF($L19="D",INDEX('Zgłoszenia'!$K$5:$K$504,$M19)&"",IF($L19="U","","")) | L19: =IF((ROW()-12)<=$L$5,IF($L$2=0,"E1","D"),IF((ROW()-12)=$L$5+1,"",IF((ROW()-12)=$L$5+2,"T",IF((ROW()-12)=$L$5+3,IF($L$3=0,"E2","H"),IF((ROW()-12)<=$L$5+3+$L$3,"U",""))))) | M19: =IF(L19="D",MATCH(LARGE('Zgłoszenia'!$Q$5:$Q$504,(ROW()-12)),'Zgłoszenia'!$Q$5:$Q$504,0),IF(L19="U",MATCH(LARGE('Dane rozpisek'!$I$2:$I$2600,(ROW()-12)-$L$5-3),'Dane rozpisek'!$I$2:$I$2600,0),""))
A20: =IF($L20="D",INDEX('Zgłoszenia'!$D$5:$D$504,$M20),IF($L20="U",INDEX('Dane rozpisek'!$A$2:$A$2600,$M20),IF($L20="T","KTO JEŹDZIŁ",IF($L20="E1","Brak zgłoszonych usterek w tym okresie.",IF($L20="E2","Brak wpisów z tym wózkiem w rozpiskach dla tego okresu.",IF($L20="H","Data","")))))) | B20: =IF($L20="D",INDEX('Zgłoszenia'!$B$5:$B$504,$M20)&"",IF($L20="U",INDEX('Dane rozpisek'!$F$2:$F$2600,$M20)&"",IF($L20="H","Wózek",""))) | C20: =IF($L20="D",INDEX('Zgłoszenia'!$E$5:$E$504,$M20)&"",IF($L20="U",INDEX('Dane rozpisek'!$B$2:$B$2600,$M20)&" · "&INDEX('Dane rozpisek'!$J$2:$J$2600,$M20),IF($L20="H","Zmiana",""))) | D20: =IF($L20="D",INDEX('Zgłoszenia'!$H$5:$H$504,$M20)&"",IF($L20="U",INDEX('Dane rozpisek'!$E$2:$E$2600,$M20)&"",IF($L20="H","Operator",""))) | E20: =IF($L20="D",INDEX('Zgłoszenia'!$I$5:$I$504,$M20)&"",IF($L20="U",INDEX('Dane rozpisek'!$C$2:$C$2600,$M20)&"",IF($L20="H","Stanowisko",""))) | F20: =IF($L20="D",INDEX('Zgłoszenia'!$J$5:$J$504,$M20)&"",IF($L20="U",INDEX('Dane rozpisek'!$G$2:$G$2600,$M20)&"",IF($L20="H","Uwagi",""))) | G20: =IF($L20="D",INDEX('Zgłoszenia'!$F$5:$F$504,$M20)&"",IF($L20="U",INDEX('Dane rozpisek'!$L$2:$L$2600,$M20)&"",IF($L20="H","Usterki (dzień / następny)",""))) | H20: =IF($L20="D",INDEX('Zgłoszenia'!$P$5:$P$504,$M20)&"",IF($L20="U","","")) | I20: =IF($L20="D",IF(INDEX('Zgłoszenia'!$M$5:$M$504,$M20)="","Zgłoszona",INDEX('Zgłoszenia'!$M$5:$M$504,$M20)),IF($L20="U","","")) | J20: =IF($L20="D",INDEX('Zgłoszenia'!$K$5:$K$504,$M20)&"",IF($L20="U","","")) | L20: =IF((ROW()-12)<=$L$5,IF($L$2=0,"E1","D"),IF((ROW()-12)=$L$5+1,"",IF((ROW()-12)=$L$5+2,"T",IF((ROW()-12)=$L$5+3,IF($L$3=0,"E2","H"),IF((ROW()-12)<=$L$5+3+$L$3,"U",""))))) | M20: =IF(L20="D",MATCH(LARGE('Zgłoszenia'!$Q$5:$Q$504,(ROW()-12)),'Zgłoszenia'!$Q$5:$Q$504,0),IF(L20="U",MATCH(LARGE('Dane rozpisek'!$I$2:$I$2600,(ROW()-12)-$L$5-3),'Dane rozpisek'!$I$2:$I$2600,0),""))
A21: =IF($L21="D",INDEX('Zgłoszenia'!$D$5:$D$504,$M21),IF($L21="U",INDEX('Dane rozpisek'!$A$2:$A$2600,$M21),IF($L21="T","KTO JEŹDZIŁ",IF($L21="E1","Brak zgłoszonych usterek w tym okresie.",IF($L21="E2","Brak wpisów z tym wózkiem w rozpiskach dla tego okresu.",IF($L21="H","Data","")))))) | B21: =IF($L21="D",INDEX('Zgłoszenia'!$B$5:$B$504,$M21)&"",IF($L21="U",INDEX('Dane rozpisek'!$F$2:$F$2600,$M21)&"",IF($L21="H","Wózek",""))) | C21: =IF($L21="D",INDEX('Zgłoszenia'!$E$5:$E$504,$M21)&"",IF($L21="U",INDEX('Dane rozpisek'!$B$2:$B$2600,$M21)&" · "&INDEX('Dane rozpisek'!$J$2:$J$2600,$M21),IF($L21="H","Zmiana",""))) | D21: =IF($L21="D",INDEX('Zgłoszenia'!$H$5:$H$504,$M21)&"",IF($L21="U",INDEX('Dane rozpisek'!$E$2:$E$2600,$M21)&"",IF($L21="H","Operator",""))) | E21: =IF($L21="D",INDEX('Zgłoszenia'!$I$5:$I$504,$M21)&"",IF($L21="U",INDEX('Dane rozpisek'!$C$2:$C$2600,$M21)&"",IF($L21="H","Stanowisko",""))) | F21: =IF($L21="D",INDEX('Zgłoszenia'!$J$5:$J$504,$M21)&"",IF($L21="U",INDEX('Dane rozpisek'!$G$2:$G$2600,$M21)&"",IF($L21="H","Uwagi",""))) | G21: =IF($L21="D",INDEX('Zgłoszenia'!$F$5:$F$504,$M21)&"",IF($L21="U",INDEX('Dane rozpisek'!$L$2:$L$2600,$M21)&"",IF($L21="H","Usterki (dzień / następny)",""))) | H21: =IF($L21="D",INDEX('Zgłoszenia'!$P$5:$P$504,$M21)&"",IF($L21="U","","")) | I21: =IF($L21="D",IF(INDEX('Zgłoszenia'!$M$5:$M$504,$M21)="","Zgłoszona",INDEX('Zgłoszenia'!$M$5:$M$504,$M21)),IF($L21="U","","")) | J21: =IF($L21="D",INDEX('Zgłoszenia'!$K$5:$K$504,$M21)&"",IF($L21="U","","")) | L21: =IF((ROW()-12)<=$L$5,IF($L$2=0,"E1","D"),IF((ROW()-12)=$L$5+1,"",IF((ROW()-12)=$L$5+2,"T",IF((ROW()-12)=$L$5+3,IF($L$3=0,"E2","H"),IF((ROW()-12)<=$L$5+3+$L$3,"U",""))))) | M21: =IF(L21="D",MATCH(LARGE('Zgłoszenia'!$Q$5:$Q$504,(ROW()-12)),'Zgłoszenia'!$Q$5:$Q$504,0),IF(L21="U",MATCH(LARGE('Dane rozpisek'!$I$2:$I$2600,(ROW()-12)-$L$5-3),'Dane rozpisek'!$I$2:$I$2600,0),""))
A22: =IF($L22="D",INDEX('Zgłoszenia'!$D$5:$D$504,$M22),IF($L22="U",INDEX('Dane rozpisek'!$A$2:$A$2600,$M22),IF($L22="T","KTO JEŹDZIŁ",IF($L22="E1","Brak zgłoszonych usterek w tym okresie.",IF($L22="E2","Brak wpisów z tym wózkiem w rozpiskach dla tego okresu.",IF($L22="H","Data","")))))) | B22: =IF($L22="D",INDEX('Zgłoszenia'!$B$5:$B$504,$M22)&"",IF($L22="U",INDEX('Dane rozpisek'!$F$2:$F$2600,$M22)&"",IF($L22="H","Wózek",""))) | C22: =IF($L22="D",INDEX('Zgłoszenia'!$E$5:$E$504,$M22)&"",IF($L22="U",INDEX('Dane rozpisek'!$B$2:$B$2600,$M22)&" · "&INDEX('Dane rozpisek'!$J$2:$J$2600,$M22),IF($L22="H","Zmiana",""))) | D22: =IF($L22="D",INDEX('Zgłoszenia'!$H$5:$H$504,$M22)&"",IF($L22="U",INDEX('Dane rozpisek'!$E$2:$E$2600,$M22)&"",IF($L22="H","Operator",""))) | E22: =IF($L22="D",INDEX('Zgłoszenia'!$I$5:$I$504,$M22)&"",IF($L22="U",INDEX('Dane rozpisek'!$C$2:$C$2600,$M22)&"",IF($L22="H","Stanowisko",""))) | F22: =IF($L22="D",INDEX('Zgłoszenia'!$J$5:$J$504,$M22)&"",IF($L22="U",INDEX('Dane rozpisek'!$G$2:$G$2600,$M22)&"",IF($L22="H","Uwagi",""))) | G22: =IF($L22="D",INDEX('Zgłoszenia'!$F$5:$F$504,$M22)&"",IF($L22="U",INDEX('Dane rozpisek'!$L$2:$L$2600,$M22)&"",IF($L22="H","Usterki (dzień / następny)",""))) | H22: =IF($L22="D",INDEX('Zgłoszenia'!$P$5:$P$504,$M22)&"",IF($L22="U","","")) | I22: =IF($L22="D",IF(INDEX('Zgłoszenia'!$M$5:$M$504,$M22)="","Zgłoszona",INDEX('Zgłoszenia'!$M$5:$M$504,$M22)),IF($L22="U","","")) | J22: =IF($L22="D",INDEX('Zgłoszenia'!$K$5:$K$504,$M22)&"",IF($L22="U","","")) | L22: =IF((ROW()-12)<=$L$5,IF($L$2=0,"E1","D"),IF((ROW()-12)=$L$5+1,"",IF((ROW()-12)=$L$5+2,"T",IF((ROW()-12)=$L$5+3,IF($L$3=0,"E2","H"),IF((ROW()-12)<=$L$5+3+$L$3,"U",""))))) | M22: =IF(L22="D",MATCH(LARGE('Zgłoszenia'!$Q$5:$Q$504,(ROW()-12)),'Zgłoszenia'!$Q$5:$Q$504,0),IF(L22="U",MATCH(LARGE('Dane rozpisek'!$I$2:$I$2600,(ROW()-12)-$L$5-3),'Dane rozpisek'!$I$2:$I$2600,0),""))
A23: =IF($L23="D",INDEX('Zgłoszenia'!$D$5:$D$504,$M23),IF($L23="U",INDEX('Dane rozpisek'!$A$2:$A$2600,$M23),IF($L23="T","KTO JEŹDZIŁ",IF($L23="E1","Brak zgłoszonych usterek w tym okresie.",IF($L23="E2","Brak wpisów z tym wózkiem w rozpiskach dla tego okresu.",IF($L23="H","Data","")))))) | B23: =IF($L23="D",INDEX('Zgłoszenia'!$B$5:$B$504,$M23)&"",IF($L23="U",INDEX('Dane rozpisek'!$F$2:$F$2600,$M23)&"",IF($L23="H","Wózek",""))) | C23: =IF($L23="D",INDEX('Zgłoszenia'!$E$5:$E$504,$M23)&"",IF($L23="U",INDEX('Dane rozpisek'!$B$2:$B$2600,$M23)&" · "&INDEX('Dane rozpisek'!$J$2:$J$2600,$M23),IF($L23="H","Zmiana",""))) | D23: =IF($L23="D",INDEX('Zgłoszenia'!$H$5:$H$504,$M23)&"",IF($L23="U",INDEX('Dane rozpisek'!$E$2:$E$2600,$M23)&"",IF($L23="H","Operator",""))) | E23: =IF($L23="D",INDEX('Zgłoszenia'!$I$5:$I$504,$M23)&"",IF($L23="U",INDEX('Dane rozpisek'!$C$2:$C$2600,$M23)&"",IF($L23="H","Stanowisko",""))) | F23: =IF($L23="D",INDEX('Zgłoszenia'!$J$5:$J$504,$M23)&"",IF($L23="U",INDEX('Dane rozpisek'!$G$2:$G$2600,$M23)&"",IF($L23="H","Uwagi",""))) | G23: =IF($L23="D",INDEX('Zgłoszenia'!$F$5:$F$504,$M23)&"",IF($L23="U",INDEX('Dane rozpisek'!$L$2:$L$2600,$M23)&"",IF($L23="H","Usterki (dzień / następny)",""))) | H23: =IF($L23="D",INDEX('Zgłoszenia'!$P$5:$P$504,$M23)&"",IF($L23="U","","")) | I23: =IF($L23="D",IF(INDEX('Zgłoszenia'!$M$5:$M$504,$M23)="","Zgłoszona",INDEX('Zgłoszenia'!$M$5:$M$504,$M23)),IF($L23="U","","")) | J23: =IF($L23="D",INDEX('Zgłoszenia'!$K$5:$K$504,$M23)&"",IF($L23="U","","")) | L23: =IF((ROW()-12)<=$L$5,IF($L$2=0,"E1","D"),IF((ROW()-12)=$L$5+1,"",IF((ROW()-12)=$L$5+2,"T",IF((ROW()-12)=$L$5+3,IF($L$3=0,"E2","H"),IF((ROW()-12)<=$L$5+3+$L$3,"U",""))))) | M23: =IF(L23="D",MATCH(LARGE('Zgłoszenia'!$Q$5:$Q$504,(ROW()-12)),'Zgłoszenia'!$Q$5:$Q$504,0),IF(L23="U",MATCH(LARGE('Dane rozpisek'!$I$2:$I$2600,(ROW()-12)-$L$5-3),'Dane rozpisek'!$I$2:$I$2600,0),""))
A24: =IF($L24="D",INDEX('Zgłoszenia'!$D$5:$D$504,$M24),IF($L24="U",INDEX('Dane rozpisek'!$A$2:$A$2600,$M24),IF($L24="T","KTO JEŹDZIŁ",IF($L24="E1","Brak zgłoszonych usterek w tym okresie.",IF($L24="E2","Brak wpisów z tym wózkiem w rozpiskach dla tego okresu.",IF($L24="H","Data","")))))) | B24: =IF($L24="D",INDEX('Zgłoszenia'!$B$5:$B$504,$M24)&"",IF($L24="U",INDEX('Dane rozpisek'!$F$2:$F$2600,$M24)&"",IF($L24="H","Wózek",""))) | C24: =IF($L24="D",INDEX('Zgłoszenia'!$E$5:$E$504,$M24)&"",IF($L24="U",INDEX('Dane rozpisek'!$B$2:$B$2600,$M24)&" · "&INDEX('Dane rozpisek'!$J$2:$J$2600,$M24),IF($L24="H","Zmiana",""))) | D24: =IF($L24="D",INDEX('Zgłoszenia'!$H$5:$H$504,$M24)&"",IF($L24="U",INDEX('Dane rozpisek'!$E$2:$E$2600,$M24)&"",IF($L24="H","Operator",""))) | E24: =IF($L24="D",INDEX('Zgłoszenia'!$I$5:$I$504,$M24)&"",IF($L24="U",INDEX('Dane rozpisek'!$C$2:$C$2600,$M24)&"",IF($L24="H","Stanowisko",""))) | F24: =IF($L24="D",INDEX('Zgłoszenia'!$J$5:$J$504,$M24)&"",IF($L24="U",INDEX('Dane rozpisek'!$G$2:$G$2600,$M24)&"",IF($L24="H","Uwagi",""))) | G24: =IF($L24="D",INDEX('Zgłoszenia'!$F$5:$F$504,$M24)&"",IF($L24="U",INDEX('Dane rozpisek'!$L$2:$L$2600,$M24)&"",IF($L24="H","Usterki (dzień / następny)",""))) | H24: =IF($L24="D",INDEX('Zgłoszenia'!$P$5:$P$504,$M24)&"",IF($L24="U","","")) | I24: =IF($L24="D",IF(INDEX('Zgłoszenia'!$M$5:$M$504,$M24)="","Zgłoszona",INDEX('Zgłoszenia'!$M$5:$M$504,$M24)),IF($L24="U","","")) | J24: =IF($L24="D",INDEX('Zgłoszenia'!$K$5:$K$504,$M24)&"",IF($L24="U","","")) | L24: =IF((ROW()-12)<=$L$5,IF($L$2=0,"E1","D"),IF((ROW()-12)=$L$5+1,"",IF((ROW()-12)=$L$5+2,"T",IF((ROW()-12)=$L$5+3,IF($L$3=0,"E2","H"),IF((ROW()-12)<=$L$5+3+$L$3,"U",""))))) | M24: =IF(L24="D",MATCH(LARGE('Zgłoszenia'!$Q$5:$Q$504,(ROW()-12)),'Zgłoszenia'!$Q$5:$Q$504,0),IF(L24="U",MATCH(LARGE('Dane rozpisek'!$I$2:$I$2600,(ROW()-12)-$L$5-3),'Dane rozpisek'!$I$2:$I$2600,0),""))
... A415: =IF($L415="D",INDEX('Zgłoszenia'!$D$5:$D$504,$M415),IF($L415="U",INDEX('Dane rozpisek'!$A$2:$A$2600,$M415),IF($L415="T","KTO JEŹDZIŁ",IF($L415="E1","Brak zgłoszonych usterek w tym okresie.",IF($L415="E2","Brak wpisów z tym wózkiem w rozpiskach dla tego okresu.",IF($L415="H","Data","")))))) | B415: =IF($L415="D",INDEX('Zgłoszenia'!$B$5:$B$504,$M415)&"",IF($L415="U",INDEX('Dane rozpisek'!$F$2:$F$2600,$M415)&"",IF($L415="H","Wózek",""))) | C415: =IF($L415="D",INDEX('Zgłoszenia'!$E$5:$E$504,$M415)&"",IF($L415="U",INDEX('Dane rozpisek'!$B$2:$B$2600,$M415)&" · "&INDEX('Dane rozpisek'!$J$2:$J$2600,$M415),IF($L415="H","Zmiana",""))) | D415: =IF($L415="D",INDEX('Zgłoszenia'!$H$5:$H$504,$M415)&"",IF($L415="U",INDEX('Dane rozpisek'!$E$2:$E$2600,$M415)&"",IF($L415="H","Operator",""))) | E415: =IF($L415="D",INDEX('Zgłoszenia'!$I$5:$I$504,$M415)&"",IF($L415="U",INDEX('Dane rozpisek'!$C$2:$C$2600,$M415)&"",IF($L415="H","Stanowisko",""))) | F415: =IF($L415="D",INDEX('Zgłoszenia'!$J$5:$J$504,$M415)&"",IF($L415="U",INDEX('Dane rozpisek'!$G$2:$G$2600,$M415)&"",IF($L415="H","Uwagi",""))) | G415: =IF($L415="D",INDEX('Zgłoszenia'!$F$5:$F$504,$M415)&"",IF($L415="U",INDEX('Dane rozpisek'!$L$2:$L$2600,$M415)&"",IF($L415="H","Usterki (dzień / następny)",""))) | H415: =IF($L415="D",INDEX('Zgłoszenia'!$P$5:$P$504,$M415)&"",IF($L415="U","","")) | I415: =IF($L415="D",IF(INDEX('Zgłoszenia'!$M$5:$M$504,$M415)="","Zgłoszona",INDEX('Zgłoszenia'!$M$5:$M$504,$M415)),IF($L415="U","","")) | J415: =IF($L415="D",INDEX('Zgłoszenia'!$K$5:$K$504,$M415)&"",IF($L415="U","","")) | L415: =IF((ROW()-12)<=$L$5,IF($L$2=0,"E1","D"),IF((ROW()-12)=$L$5+1,"",IF((ROW()-12)=$L$5+2,"T",IF((ROW()-12)=$L$5+3,IF($L$3=0,"E2","H"),IF((ROW()-12)<=$L$5+3+$L$3,"U",""))))) | M415: =IF(L415="D",MATCH(LARGE('Zgłoszenia'!$Q$5:$Q$504,(ROW()-12)),'Zgłoszenia'!$Q$5:$Q$504,0),IF(L415="U",MATCH(LARGE('Dane rozpisek'!$I$2:$I$2600,(ROW()-12)-$L$5-3),'Dane rozpisek'!$I$2:$I$2600,0),""))

Sheet 1
A1: ROZPISKA WÓZKÓW | C1: =IF(1<=DniMiesiaca,DATE(Rok,Miesiac,1),"") | D1: =IF(C1="","(brak dnia 1 w tym miesiącu)",CHOOSE(WEEKDAY(C1,2),"poniedziałek","wtorek","środa","czwartek","piątek","sobota","niedziela")) | E1: ROZPISKA WÓZKÓW | G1: =$C$1 | H1: =IF(G1="","(brak dnia 1 w tym miesiącu)",CHOOSE(WEEKDAY(G1,2),"poniedziałek","wtorek","środa","czwartek","piątek","sobota","niedziela")) | I1: ROZPISKA WÓZKÓW | K1: =$C$1 | L1: =IF(K1="","(brak dnia 1 w tym miesiącu)",CHOOSE(WEEKDAY(K1,2),"poniedziałek","wtorek","środa","czwartek","piątek","sobota","niedziela"))
A2: ="ZMIANA "&Ustawienia!$A$8 | C2: =Ustawienia!$B$8&"" | E2: ="ZMIANA "&Ustawienia!$A$9 | G2: =Ustawienia!$B$9&"" | I2: ="ZMIANA "&Ustawienia!$A$10 | K2: =Ustawienia!$B$10&""
A3: Specjalista zmiany: | E3: Specjalista zmiany: | I3: Specjalista zmiany:
A4: Lp | B4: Imię i nazwisko | C4: Wózek | D4: Uwagi | E4: Lp | F4: Imię i nazwisko | G4: Wózek | H4: Uwagi | I4: Lp | J4: Imię i nazwisko | K4: Wózek | L4: Uwagi
A5: =UPPER(Ustawienia!$A$14) | E5: =UPPER(Ustawienia!$A$14) | I5: =UPPER(Ustawienia!$A$14)
A6: 1 | B6: KOWALSKI JAN | C6: 105 | D6: przykład | E6: 1 | I6: 1
A7: 2 | E7: 2 | I7: 2
A8: 3 | E8: 3 | I8: 3
A9: 4 | E9: 4 | I9: 4
A10: 5 | E10: 5 | I10: 5
A11: 6 | E11: 6 | I11: 6
A12: =UPPER(Ustawienia!$A$15) | E12: =UPPER(Ustawienia!$A$15) | I12: =UPPER(Ustawienia!$A$15)
A13: 1 | E13: 1 | I13: 1
A14: 2 | E14: 2 | I14: 2
A15: 3 | E15: 3 | I15: 3
A16: 4 | E16: 4 | I16: 4
A17: 5 | E17: 5 | I17: 5
A18: 6 | E18: 6 | I18: 6
A19: 7 | E19: 7 | I19: 7
A20: 8 | E20: 8 | I20: 8
A21: =UPPER(Ustawienia!$A$16) | E21: =UPPER(Ustawienia!$A$16) | I21: =UPPER(Ustawienia!$A$16)
A22: 1 | E22: 1 | I22: 1
A23: 2 | E23: 2 | I23: 2
A24: 3 | E24: 3 | I24: 3
A25: 4 | E25: 4 | I25: 4
A26: =UPPER(Ustawienia!$A$17) | E26: =UPPER(Ustawienia!$A$17) | I26: =UPPER(Ustawienia!$A$17)
A27: 1 | E27: 1 | I27: 1
A28: 2 | E28: 2 | I28: 2
A29: 3 | E29: 3 | I29: 3
A30: 4 | E30: 4 | I30: 4
A31: =UPPER(Ustawienia!$A$18) | E31: =UPPER(Ustawienia!$A$18) | I31: =UPPER(Ustawienia!$A$18)
A32: 1 | E32: 1 | I32: 1
A33: 2 | E33: 2 | I33: 2
A34: 3 | E34: 3 | I34: 3
A35: 4 | E35: 4 | I35: 4
A36: 5 | E36: 5 | I36: 5
A38: Sporządził: ______________________ | C38: Podpis specjalisty zmiany: ________________ | E38: Sporządził: ______________________ | G38: Podpis specjalisty zmiany: ________________ | I38: Sporządził: ______________________ | K38: Podpis specjalisty zmiany: ________________

Sheet 2
A1: ROZPISKA WÓZKÓW | C1: =IF(2<=DniMiesiaca,DATE(Rok,Miesiac,2),"") | D1: =IF(C1="","(brak dnia 2 w tym miesiącu)",CHOOSE(WEEKDAY(C1,2),"poniedziałek","wtorek","środa","czwartek","piątek","sobota","niedziela")) | E1: ROZPISKA WÓZKÓW | G1: =$C$1 | H1: =IF(G1="","(brak dnia 2 w tym miesiącu)",CHOOSE(WEEKDAY(G1,2),"poniedziałek","wtorek","środa","czwartek","piątek","sobota","niedziela")) | I1: ROZPISKA WÓZKÓW | K1: =$C$1 | L1: =IF(K1="","(brak dnia 2 w tym miesiącu)",CHOOSE(WEEKDAY(K1,2),"poniedziałek","wtorek","środa","czwartek","piątek","sobota","niedziela"))
A2: ="ZMIANA "&Ustawienia!$A$8 | C2: =Ustawienia!$B$8&"" | E2: ="ZMIANA "&Ustawienia!$A$9 | G2: =Ustawienia!$B$9&"" | I2: ="ZMIANA "&Ustawienia!$A$10 | K2: =Ustawienia!$B$10&""
A3: Specjalista zmiany: | E3: Specjalista zmiany: | I3: Specjalista zmiany:
A4: Lp | B4: Imię i nazwisko | C4: Wózek | D4: Uwagi | E4: Lp | F4: Imię i nazwisko | G4: Wózek | H4: Uwagi | I4: Lp | J4: Imię i nazwisko | K4: Wózek | L4: Uwagi
A5: =UPPER(Ustawienia!$A$14) | E5: =UPPER(Ustawienia!$A$14) | I5: =UPPER(Ustawienia!$A$14)
A6: 1 | E6: 1 | I6: 1
A7: 2 | E7: 2 | I7: 2
A8: 3 | E8: 3 | I8: 3
A9: 4 | E9: 4 | I9: 4
A10: 5 | E10: 5 | I10: 5
A11: 6 | E11: 6 | I11: 6
A12: =UPPER(Ustawienia!$A$15) | E12: =UPPER(Ustawienia!$A$15) | I12: =UPPER(Ustawienia!$A$15)
A13: 1 | E13: 1 | I13: 1
A14: 2 | E14: 2 | I14: 2
A15: 3 | E15: 3 | I15: 3
A16: 4 | E16: 4 | I16: 4
A17: 5 | E17: 5 | I17: 5
A18: 6 | E18: 6 | I18: 6
A19: 7 | E19: 7 | I19: 7
A20: 8 | E20: 8 | I20: 8
A21: =UPPER(Ustawienia!$A$16) | E21: =UPPER(Ustawienia!$A$16) | I21: =UPPER(Ustawienia!$A$16)
A22: 1 | E22: 1 | I22: 1
A23: 2 | E23: 2 | I23: 2
A24: 3 | E24: 3 | I24: 3
A25: 4 | E25: 4 | I25: 4
A26: =UPPER(Ustawienia!$A$17) | E26: =UPPER(Ustawienia!$A$17) | I26: =UPPER(Ustawienia!$A$17)
A27: 1 | E27: 1 | I27: 1
A28: 2 | E28: 2 | I28: 2
A29: 3 | E29: 3 | I29: 3
A30: 4 | E30: 4 | I30: 4
A31: =UPPER(Ustawienia!$A$18) | E31: =UPPER(Ustawienia!$A$18) | I31: =UPPER(Ustawienia!$A$18)
A32: 1 | E32: 1 | I32: 1
A33: 2 | E33: 2 | I33: 2
A34: 3 | E34: 3 | I34: 3
A35: 4 | E35: 4 | I35: 4
A36: 5 | E36: 5 | I36: 5
A38: Sporządził: ______________________ | C38: Podpis specjalisty zmiany: ________________ | E38: Sporządził: ______________________ | G38: Podpis specjalisty zmiany: ________________ | I38: Sporządził: ______________________ | K38: Podpis specjalisty zmiany: ________________

Sheet 3
A1: ROZPISKA WÓZKÓW | C1: =IF(3<=DniMiesiaca,DATE(Rok,Miesiac,3),"") | D1: =IF(C1="","(brak dnia 3 w tym miesiącu)",CHOOSE(WEEKDAY(C1,2),"poniedziałek","wtorek","środa","czwartek","piątek","sobota","niedziela")) | E1: ROZPISKA WÓZKÓW | G1: =$C$1 | H1: =IF(G1="","(brak dnia 3 w tym miesiącu)",CHOOSE(WEEKDAY(G1,2),"poniedziałek","wtorek","środa","czwartek","piątek","sobota","niedziela")) | I1: ROZPISKA WÓZKÓW | K1: =$C$1 | L1: =IF(K1="","(brak dnia 3 w tym miesiącu)",CHOOSE(WEEKDAY(K1,2),"poniedziałek","wtorek","środa","czwartek","piątek","sobota","niedziela"))
A2: ="ZMIANA "&Ustawienia!$A$8 | C2: =Ustawienia!$B$8&"" | E2: ="ZMIANA "&Ustawienia!$A$9 | G2: =Ustawienia!$B$9&"" | I2: ="ZMIANA "&Ustawienia!$A$10 | K2: =Ustawienia!$B$10&""
A3: Specjalista zmiany: | E3: Specjalista zmiany: | I3: Specjalista zmiany:
A4: Lp | B4: Imię i nazwisko | C4: Wózek | D4: Uwagi | E4: Lp | F4: Imię i nazwisko | G4: Wózek | H4: Uwagi | I4: Lp | J4: Imię i nazwisko | K4: Wózek | L4: Uwagi
A5: =UPPER(Ustawienia!$A$14) | E5: =UPPER(Ustawienia!$A$14) | I5: =UPPER(Ustawienia!$A$14)
A6: 1 | E6: 1 | I6: 1
A7: 2 | E7: 2 | I7: 2
A8: 3 | E8: 3 | I8: 3
A9: 4 | E9: 4 | I9: 4
A10: 5 | E10: 5 | I10: 5
A11: 6 | E11: 6 | I11: 6
A12: =UPPER(Ustawienia!$A$15) | E12: =UPPER(Ustawienia!$A$15) | I12: =UPPER(Ustawienia!$A$15)
A13: 1 | E13: 1 | I13: 1
A14: 2 | E14: 2 | I14: 2
A15: 3 | E15: 3 | I15: 3
A16: 4 | E16: 4 | I16: 4
A17: 5 | E17: 5 | I17: 5
A18: 6 | E18: 6 | I18: 6
A19: 7 | E19: 7 | I19: 7
A20: 8 | E20: 8 | I20: 8
A21: =UPPER(Ustawienia!$A$16) | E21: =UPPER(Ustawienia!$A$16) | I21: =UPPER(Ustawienia!$A$16)
A22: 1 | E22: 1 | I22: 1
A23: 2 | E23: 2 | I23: 2
A24: 3 | E24: 3 | I24: 3
A25: 4 | E25: 4 | I25: 4
A26: =UPPER(Ustawienia!$A$17) | E26: =UPPER(Ustawienia!$A$17) | I26: =UPPER(Ustawienia!$A$17)
A27: 1 | E27: 1 | I27: 1
A28: 2 | E28: 2 | I28: 2
A29: 3 | E29: 3 | I29: 3
A30: 4 | E30: 4 | I30: 4
A31: =UPPER(Ustawienia!$A$18) | E31: =UPPER(Ustawienia!$A$18) | I31: =UPPER(Ustawienia!$A$18)
A32: 1 | E32: 1 | I32: 1
A33: 2 | E33: 2 | I33: 2
A34: 3 | E34: 3 | I34: 3
A35: 4 | E35: 4 | I35: 4
A36: 5 | E36: 5 | I36: 5
A38: Sporządził: ______________________ | C38: Podpis specjalisty zmiany: ________________ | E38: Sporządził: ______________________ | G38: Podpis specjalisty zmiany: ________________ | I38: Sporządził: ______________________ | K38: Podpis specjalisty zmiany: ________________

Sheet 4
A1: ROZPISKA WÓZKÓW | C1: =IF(4<=DniMiesiaca,DATE(Rok,Miesiac,4),"") | D1: =IF(C1="","(brak dnia 4 w tym miesiącu)",CHOOSE(WEEKDAY(C1,2),"poniedziałek","wtorek","środa","czwartek","piątek","sobota","niedziela")) | E1: ROZPISKA WÓZKÓW | G1: =$C$1 | H1: =IF(G1="","(brak dnia 4 w tym miesiącu)",CHOOSE(WEEKDAY(G1,2),"poniedziałek","wtorek","środa","czwartek","piątek","sobota","niedziela")) | I1: ROZPISKA WÓZKÓW | K1: =$C$1 | L1: =IF(K1="","(brak dnia 4 w tym miesiącu)",CHOOSE(WEEKDAY(K1,2),"poniedziałek","wtorek","środa","czwartek","piątek","sobota","niedziela"))
A2: ="ZMIANA "&Ustawienia!$A$8 | C2: =Ustawienia!$B$8&"" | E2: ="ZMIANA "&Ustawienia!$A$9 | G2: =Ustawienia!$B$9&"" | I2: ="ZMIANA "&Ustawienia!$A$10 | K2: =Ustawienia!$B$10&""
A3: Specjalista zmiany: | E3: Specjalista zmiany: | I3: Specjalista zmiany:
A4: Lp | B4: Imię i nazwisko | C4: Wózek | D4: Uwagi | E4: Lp | F4: Imię i nazwisko | G4: Wózek | H4: Uwagi | I4: Lp | J4: Imię i nazwisko | K4: Wózek | L4: Uwagi
A5: =UPPER(Ustawienia!$A$14) | E5: =UPPER(Ustawienia!$A$14) | I5: =UPPER(Ustawienia!$A$14)
A6: 1 | E6: 1 | I6: 1
A7: 2 | E7: 2 | I7: 2
A8: 3 | E8: 3 | I8: 3
A9: 4 | E9: 4 | I9: 4
A10: 5 | E10: 5 | I10: 5
A11: 6 | E11: 6 | I11: 6
A12: =UPPER(Ustawienia!$A$15) | E12: =UPPER(Ustawienia!$A$15) | I12: =UPPER(Ustawienia!$A$15)
A13: 1 | E13: 1 | I13: 1
A14: 2 | E14: 2 | I14: 2
A15: 3 | E15: 3 | I15: 3
A16: 4 | E16: 4 | I16: 4
A17: 5 | E17: 5 | I17: 5
A18: 6 | E18: 6 | I18: 6
A19: 7 | E19: 7 | I19: 7
A20: 8 | E20: 8 | I20: 8
A21: =UPPER(Ustawienia!$A$16) | E21: =UPPER(Ustawienia!$A$16) | I21: =UPPER(Ustawienia!$A$16)
A22: 1 | E22: 1 | I22: 1
A23: 2 | E23: 2 | I23: 2
A24: 3 | E24: 3 | I24: 3
A25: 4 | E25: 4 | I25: 4
A26: =UPPER(Ustawienia!$A$17) | E26: =UPPER(Ustawienia!$A$17) | I26: =UPPER(Ustawienia!$A$17)
A27: 1 | E27: 1 | I27: 1
A28: 2 | E28: 2 | I28: 2
A29: 3 | E29: 3 | I29: 3
A30: 4 | E30: 4 | I30: 4
A31: =UPPER(Ustawienia!$A$18) | E31: =UPPER(Ustawienia!$A$18) | I31: =UPPER(Ustawienia!$A$18)
A32: 1 | E32: 1 | I32: 1
A33: 2 | E33: 2 | I33: 2
A34: 3 | E34: 3 | I34: 3
A35: 4 | E35: 4 | I35: 4
A36: 5 | E36: 5 | I36: 5
A38: Sporządził: ______________________ | C38: Podpis specjalisty zmiany: ________________ | E38: Sporządził: ______________________ | G38: Podpis specjalisty zmiany: ________________ | I38: Sporządził: ______________________ | K38: Podpis specjalisty zmiany: ________________

Sheet 5
A1: ROZPISKA WÓZKÓW | C1: =IF(5<=DniMiesiaca,DATE(Rok,Miesiac,5),"") | D1: =IF(C1="","(brak dnia 5 w tym miesiącu)",CHOOSE(WEEKDAY(C1,2),"poniedziałek","wtorek","środa","czwartek","piątek","sobota","niedziela")) | E1: ROZPISKA WÓZKÓW | G1: =$C$1 | H1: =IF(G1="","(brak dnia 5 w tym miesiącu)",CHOOSE(WEEKDAY(G1,2),"poniedziałek","wtorek","środa","czwartek","piątek","sobota","niedziela")) | I1: ROZPISKA WÓZKÓW | K1: =$C$1 | L1: =IF(K1="","(brak dnia 5 w tym miesiącu)",CHOOSE(WEEKDAY(K1,2),"poniedziałek","wtorek","środa","czwartek","piątek","sobota","niedziela"))
A2: ="ZMIANA "&Ustawienia!$A$8 | C2: =Ustawienia!$B$8&"" | E2: ="ZMIANA "&Ustawienia!$A$9 | G2: =Ustawienia!$B$9&"" | I2: ="ZMIANA "&Ustawienia!$A$10 | K2: =Ustawienia!$B$10&""
A3: Specjalista zmiany: | E3: Specjalista zmiany: | I3: Specjalista zmiany:
A4: Lp | B4: Imię i nazwisko | C4: Wózek | D4: Uwagi | E4: Lp | F4: Imię i nazwisko | G4: Wózek | H4: Uwagi | I4: Lp | J4: Imię i nazwisko | K4: Wózek | L4: Uwagi
A5: =UPPER(Ustawienia!$A$14) | E5: =UPPER(Ustawienia!$A$14) | I5: =UPPER(Ustawienia!$A$14)
A6: 1 | E6: 1 | I6: 1
A7: 2 | E7: 2 | I7: 2
A8: 3 | E8: 3 | I8: 3
A9: 4 | E9: 4 | I9: 4
A10: 5 | E10: 5 | I10: 5
A11: 6 | E11: 6 | I11: 6
A12: =UPPER(Ustawienia!$A$15) | E12: =UPPER(Ustawienia!$A$15) | I12: =UPPER(Ustawienia!$A$15)
A13: 1 | E13: 1 | I13: 1
A14: 2 | E14: 2 | I14: 2
A15: 3 | E15: 3 | I15: 3
A16: 4 | E16: 4 | I16: 4
A17: 5 | E17: 5 | I17: 5
A18: 6 | E18: 6 | I18: 6
A19: 7 | E19: 7 | I19: 7
A20: 8 | E20: 8 | I20: 8
A21: =UPPER(Ustawienia!$A$16) | E21: =UPPER(Ustawienia!$A$16) | I21: =UPPER(Ustawienia!$A$16)
A22: 1 | E22: 1 | I22: 1
A23: 2 | E23: 2 | I23: 2
A24: 3 | E24: 3 | I24: 3
A25: 4 | E25: 4 | I25: 4
A26: =UPPER(Ustawienia!$A$17) | E26: =UPPER(Ustawienia!$A$17) | I26: =UPPER(Ustawienia!$A$17)
A27: 1 | E27: 1 | I27: 1
A28: 2 | E28: 2 | I28: 2
A29: 3 | E29: 3 | I29: 3
A30: 4 | E30: 4 | I30: 4
A31: =UPPER(Ustawienia!$A$18) | E31: =UPPER(Ustawienia!$A$18) | I31: =UPPER(Ustawienia!$A$18)
A32: 1 | E32: 1 | I32: 1
A33: 2 | E33: 2 | I33: 2
A34: 3 | E34: 3 | I34: 3
A35: 4 | E35: 4 | I35: 4
A36: 5 | E36: 5 | I36: 5
A38: Sporządził: ______________________ | C38: Podpis specjalisty zmiany: ________________ | E38: Sporządził: ______________________ | G38: Podpis specjalisty zmiany: ________________ | I38: Sporządził: ______________________ | K38: Podpis specjalisty zmiany: ________________

Sheet 6
A1: ROZPISKA WÓZKÓW | C1: =IF(6<=DniMiesiaca,DATE(Rok,Miesiac,6),"") | D1: =IF(C1="","(brak dnia 6 w tym miesiącu)",CHOOSE(WEEKDAY(C1,2),"poniedziałek","wtorek","środa","czwartek","piątek","sobota","niedziela")) | E1: ROZPISKA WÓZKÓW | G1: =$C$1 | H1: =IF(G1="","(brak dnia 6 w tym miesiącu)",CHOOSE(WEEKDAY(G1,2),"poniedziałek","wtorek","środa","czwartek","piątek","sobota","niedziela")) | I1: ROZPISKA WÓZKÓW | K1: =$C$1 | L1: =IF(K1="","(brak dnia 6 w tym miesiącu)",CHOOSE(WEEKDAY(K1,2),"poniedziałek","wtorek","środa","czwartek","piątek","sobota","niedziela"))
A2: ="ZMIANA "&Ustawienia!$A$8 | C2: =Ustawienia!$B$8&"" | E2: ="ZMIANA "&Ustawienia!$A$9 | G2: =Ustawienia!$B$9&"" | I2: ="ZMIANA "&Ustawienia!$A$10 | K2: =Ustawienia!$B$10&""
A3: Specjalista zmiany: | E3: Specjalista zmiany: | I3: Specjalista zmiany:
A4: Lp | B4: Imię i nazwisko | C4: Wózek | D4: Uwagi | E4: Lp | F4: Imię i nazwisko | G4: Wózek | H4: Uwagi | I4: Lp | J4: Imię i nazwisko | K4: Wózek | L4: Uwagi
A5: =UPPER(Ustawienia!$A$14) | E5: =UPPER(Ustawienia!$A$14) | I5: =UPPER(Ustawienia!$A$14)
A6: 1 | E6: 1 | I6: 1
A7: 2 | E7: 2 | I7: 2
A8: 3 | E8: 3 | I8: 3
A9: 4 | E9: 4 | I9: 4
A10: 5 | E10: 5 | I10: 5
A11: 6 | E11: 6 | I11: 6
A12: =UPPER(Ustawienia!$A$15) | E12: =UPPER(Ustawienia!$A$15) | I12: =UPPER(Ustawienia!$A$15)
A13: 1 | E13: 1 | I13: 1
A14: 2 | E14: 2 | I14: 2
A15: 3 | E15: 3 | I15: 3
A16: 4 | E16: 4 | I16: 4
A17: 5 | E17: 5 | I17: 5
A18: 6 | E18: 6 | I18: 6
A19: 7 | E19: 7 | I19: 7
A20: 8 | E20: 8 | I20: 8
A21: =UPPER(Ustawienia!$A$16) | E21: =UPPER(Ustawienia!$A$16) | I21: =UPPER(Ustawienia!$A$16)
A22: 1 | E22: 1 | I22: 1
A23: 2 | E23: 2 | I23: 2
A24: 3 | E24: 3 | I24: 3
A25: 4 | E25: 4 | I25: 4
A26: =UPPER(Ustawienia!$A$17) | E26: =UPPER(Ustawienia!$A$17) | I26: =UPPER(Ustawienia!$A$17)
A27: 1 | E27: 1 | I27: 1
A28: 2 | E28: 2 | I28: 2
A29: 3 | E29: 3 | I29: 3
A30: 4 | E30: 4 | I30: 4
A31: =UPPER(Ustawienia!$A$18) | E31: =UPPER(Ustawienia!$A$18) | I31: =UPPER(Ustawienia!$A$18)
A32: 1 | E32: 1 | I32: 1
A33: 2 | E33: 2 | I33: 2
A34: 3 | E34: 3 | I34: 3
A35: 4 | E35: 4 | I35: 4
A36: 5 | E36: 5 | I36: 5
A38: Sporządził: ______________________ | C38: Podpis specjalisty zmiany: ________________ | E38: Sporządził: ______________________ | G38: Podpis specjalisty zmiany: ________________ | I38: Sporządził: ______________________ | K38: Podpis specjalisty zmiany: ________________

Sheet 7
A1: ROZPISKA WÓZKÓW | C1: =IF(7<=DniMiesiaca,DATE(Rok,Miesiac,7),"") | D1: =IF(C1="","(brak dnia 7 w tym miesiącu)",CHOOSE(WEEKDAY(C1,2),"poniedziałek","wtorek","środa","czwartek","piątek","sobota","niedziela")) | E1: ROZPISKA WÓZKÓW | G1: =$C$1 | H1: =IF(G1="","(brak dnia 7 w tym miesiącu)",CHOOSE(WEEKDAY(G1,2),"poniedziałek","wtorek","środa","czwartek","piątek","sobota","niedziela")) | I1: ROZPISKA WÓZKÓW | K1: =$C$1 | L1: =IF(K1="","(brak dnia 7 w tym miesiącu)",CHOOSE(WEEKDAY(K1,2),"poniedziałek","wtorek","środa","czwartek","piątek","sobota","niedziela"))
A2: ="ZMIANA "&Ustawienia!$A$8 | C2: =Ustawienia!$B$8&"" | E2: ="ZMIANA "&Ustawienia!$A$9 | G2: =Ustawienia!$B$9&"" | I2: ="ZMIANA "&Ustawienia!$A$10 | K2: =Ustawienia!$B$10&""
A3: Specjalista zmiany: | E3: Specjalista zmiany: | I3: Specjalista zmiany:
A4: Lp | B4: Imię i nazwisko | C4: Wózek | D4: Uwagi | E4: Lp | F4: Imię i nazwisko | G4: Wózek | H4: Uwagi | I4: Lp | J4: Imię i nazwisko | K4: Wózek | L4: Uwagi
A5: =UPPER(Ustawienia!$A$14) | E5: =UPPER(Ustawienia!$A$14) | I5: =UPPER(Ustawienia!$A$14)
A6: 1 | E6: 1 | I6: 1
A7: 2 | E7: 2 | I7: 2
A8: 3 | E8: 3 | I8: 3
A9: 4 | E9: 4 | I9: 4
A10: 5 | E10: 5 | I10: 5
A11: 6 | E11: 6 | I11: 6
A12: =UPPER(Ustawienia!$A$15) | E12: =UPPER(Ustawienia!$A$15) | I12: =UPPER(Ustawienia!$A$15)
A13: 1 | E13: 1 | I13: 1
A14: 2 | E14: 2 | I14: 2
A15: 3 | E15: 3 | I15: 3
A16: 4 | E16: 4 | I16: 4
A17: 5 | E17: 5 | I17: 5
A18: 6 | E18: 6 | I18: 6
A19: 7 | E19: 7 | I19: 7
A20: 8 | E20: 8 | I20: 8
A21: =UPPER(Ustawienia!$A$16) | E21: =UPPER(Ustawienia!$A$16) | I21: =UPPER(Ustawienia!$A$16)
A22: 1 | E22: 1 | I22: 1
A23: 2 | E23: 2 | I23: 2
A24: 3 | E24: 3 | I24: 3
A25: 4 | E25: 4 | I25: 4
A26: =UPPER(Ustawienia!$A$17) | E26: =UPPER(Ustawienia!$A$17) | I26: =UPPER(Ustawienia!$A$17)
A27: 1 | E27: 1 | I27: 1
A28: 2 | E28: 2 | I28: 2
A29: 3 | E29: 3 | I29: 3
A30: 4 | E30: 4 | I30: 4
A31: =UPPER(Ustawienia!$A$18) | E31: =UPPER(Ustawienia!$A$18) | I31: =UPPER(Ustawienia!$A$18)
A32: 1 | E32: 1 | I32: 1
A33: 2 | E33: 2 | I33: 2
A34: 3 | E34: 3 | I34: 3
A35: 4 | E35: 4 | I35: 4
A36: 5 | E36: 5 | I36: 5
A38: Sporządził: ______________________ | C38: Podpis specjalisty zmiany: ________________ | E38: Sporządził: ______________________ | G38: Podpis specjalisty zmiany: ________________ | I38: Sporządził: ______________________ | K38: Podpis specjalisty zmiany: ________________

Sheet 8
A1: ROZPISKA WÓZKÓW | C1: =IF(8<=DniMiesiaca,DATE(Rok,Miesiac,8),"") | D1: =IF(C1="","(brak dnia 8 w tym miesiącu)",CHOOSE(WEEKDAY(C1,2),"poniedziałek","wtorek","środa","czwartek","piątek","sobota","niedziela")) | E1: ROZPISKA WÓZKÓW | G1: =$C$1 | H1: =IF(G1="","(brak dnia 8 w tym miesiącu)",CHOOSE(WEEKDAY(G1,2),"poniedziałek","wtorek","środa","czwartek","piątek","sobota","niedziela")) | I1: ROZPISKA WÓZKÓW | K1: =$C$1 | L1: =IF(K1="","(brak dnia 8 w tym miesiącu)",CHOOSE(WEEKDAY(K1,2),"poniedziałek","wtorek","środa","czwartek","piątek","sobota","niedziela"))
A2: ="ZMIANA "&Ustawienia!$A$8 | C2: =Ustawienia!$B$8&"" | E2: ="ZMIANA "&Ustawienia!$A$9 | G2: =Ustawienia!$B$9&"" | I2: ="ZMIANA "&Ustawienia!$A$10 | K2: =Ustawienia!$B$10&""
A3: Specjalista zmiany: | E3: Specjalista zmiany: | I3: Specjalista zmiany:
A4: Lp | B4: Imię i nazwisko | C4: Wózek | D4: Uwagi | E4: Lp | F4: Imię i nazwisko | G4: Wózek | H4: Uwagi | I4: Lp | J4: Imię i nazwisko | K4: Wózek | L4: Uwagi
A5: =UPPER(Ustawienia!$A$14) | E5: =UPPER(Ustawienia!$A$14) | I5: =UPPER(Ustawienia!$A$14)
A6: 1 | E6: 1 | I6: 1
A7: 2 | E7: 2 | I7: 2
A8: 3 | E8: 3 | I8: 3
A9: 4 | E9: 4 | I9: 4
A10: 5 | E10: 5 | I10: 5
A11: 6 | E11: 6 | I11: 6
A12: =UPPER(Ustawienia!$A$15) | E12: =UPPER(Ustawienia!$A$15) | I12: =UPPER(Ustawienia!$A$15)
A13: 1 | E13: 1 | I13: 1
A14: 2 | E14: 2 | I14: 2
A15: 3 | E15: 3 | I15: 3
A16: 4 | E16: 4 | I16: 4
A17: 5 | E17: 5 | I17: 5
A18: 6 | E18: 6 | I18: 6
A19: 7 | E19: 7 | I19: 7
A20: 8 | E20: 8 | I20: 8
A21: =UPPER(Ustawienia!$A$16) | E21: =UPPER(Ustawienia!$A$16) | I21: =UPPER(Ustawienia!$A$16)
A22: 1 | E22: 1 | I22: 1
A23: 2 | E23: 2 | I23: 2
A24: 3 | E24: 3 | I24: 3
A25: 4 | E25: 4 | I25: 4
A26: =UPPER(Ustawienia!$A$17) | E26: =UPPER(Ustawienia!$A$17) | I26: =UPPER(Ustawienia!$A$17)
A27: 1 | E27: 1 | I27: 1
A28: 2 | E28: 2 | I28: 2
A29: 3 | E29: 3 | I29: 3
A30: 4 | E30: 4 | I30: 4
A31: =UPPER(Ustawienia!$A$18) | E31: =UPPER(Ustawienia!$A$18) | I31: =UPPER(Ustawienia!$A$18)
A32: 1 | E32: 1 | I32: 1
A33: 2 | E33: 2 | I33: 2
A34: 3 | E34: 3 | I34: 3
A35: 4 | E35: 4 | I35: 4
A36: 5 | E36: 5 | I36: 5
A38: Sporządził: ______________________ | C38: Podpis specjalisty zmiany: ________________ | E38: Sporządził: ______________________ | G38: Podpis specjalisty zmiany: ________________ | I38: Sporządził: ______________________ | K38: Podpis specjalisty zmiany: ________________

Sheet 9
A1: ROZPISKA WÓZKÓW | C1: =IF(9<=DniMiesiaca,DATE(Rok,Miesiac,9),"") | D1: =IF(C1="","(brak dnia 9 w tym miesiącu)",CHOOSE(WEEKDAY(C1,2),"poniedziałek","wtorek","środa","czwartek","piątek","sobota","niedziela")) | E1: ROZPISKA WÓZKÓW | G1: =$C$1 | H1: =IF(G1="","(brak dnia 9 w tym miesiącu)",CHOOSE(WEEKDAY(G1,2),"poniedziałek","wtorek","środa","czwartek","piątek","sobota","niedziela")) | I1: ROZPISKA WÓZKÓW | K1: =$C$1 | L1: =IF(K1="","(brak dnia 9 w tym miesiącu)",CHOOSE(WEEKDAY(K1,2),"poniedziałek","wtorek","środa","czwartek","piątek","sobota","niedziela"))
A2: ="ZMIANA "&Ustawienia!$A$8 | C2: =Ustawienia!$B$8&"" | E2: ="ZMIANA "&Ustawienia!$A$9 | G2: =Ustawienia!$B$9&"" | I2: ="ZMIANA "&Ustawienia!$A$10 | K2: =Ustawienia!$B$10&""
A3: Specjalista zmiany: | E3: Specjalista zmiany: | I3: Specjalista zmiany:
A4: Lp | B4: Imię i nazwisko | C4: Wózek | D4: Uwagi | E4: Lp | F4: Imię i nazwisko | G4: Wózek | H4: Uwagi | I4: Lp | J4: Imię i nazwisko | K4: Wózek | L4: Uwagi
A5: =UPPER(Ustawienia!$A$14) | E5: =UPPER(Ustawienia!$A$14) | I5: =UPPER(Ustawienia!$A$14)
A6: 1 | E6: 1 | I6: 1
A7: 2 | E7: 2 | I7: 2
A8: 3 | E8: 3 | I8: 3
A9: 4 | E9: 4 | I9: 4
A10: 5 | E10: 5 | I10: 5
A11: 6 | E11: 6 | I11: 6
A12: =UPPER(Ustawienia!$A$15) | E12: =UPPER(Ustawienia!$A$15) | I12: =UPPER(Ustawienia!$A$15)
A13: 1 | E13: 1 | I13: 1
A14: 2 | E14: 2 | I14: 2
A15: 3 | E15: 3 | I15: 3
A16: 4 | E16: 4 | I16: 4
A17: 5 | E17: 5 | I17: 5
A18: 6 | E18: 6 | I18: 6
A19: 7 | E19: 7 | I19: 7
A20: 8 | E20: 8 | I20: 8
A21: =UPPER(Ustawienia!$A$16) | E21: =UPPER(Ustawienia!$A$16) | I21: =UPPER(Ustawienia!$A$16)
A22: 1 | E22: 1 | I22: 1
A23: 2 | E23: 2 | I23: 2
A24: 3 | E24: 3 | I24: 3
A25: 4 | E25: 4 | I25: 4
A26: =UPPER(Ustawienia!$A$17) | E26: =UPPER(Ustawienia!$A$17) | I26: =UPPER(Ustawienia!$A$17)
A27: 1 | E27: 1 | I27: 1
A28: 2 | E28: 2 | I28: 2
A29: 3 | E29: 3 | I29: 3
A30: 4 | E30: 4 | I30: 4
A31: =UPPER(Ustawienia!$A$18) | E31: =UPPER(Ustawienia!$A$18) | I31: =UPPER(Ustawienia!$A$18)
A32: 1 | E32: 1 | I32: 1
A33: 2 | E33: 2 | I33: 2
A34: 3 | E34: 3 | I34: 3
A35: 4 | E35: 4 | I35: 4
A36: 5 | E36: 5 | I36: 5
A38: Sporządził: ______________________ | C38: Podpis specjalisty zmiany: ________________ | E38: Sporządził: ______________________ | G38: Podpis specjalisty zmiany: ________________ | I38: Sporządził: ______________________ | K38: Podpis specjalisty zmiany: ________________

Sheet 10
A1: ROZPISKA WÓZKÓW | C1: =IF(10<=DniMiesiaca,DATE(Rok,Miesiac,10),"") | D1: =IF(C1="","(brak dnia 10 w tym miesiącu)",CHOOSE(WEEKDAY(C1,2),"poniedziałek","wtorek","środa","czwartek","piątek","sobota","niedziela")) | E1: ROZPISKA WÓZKÓW | G1: =$C$1 | H1: =IF(G1="","(brak dnia 10 w tym miesiącu)",CHOOSE(WEEKDAY(G1,2),"poniedziałek","wtorek","środa","czwartek","piątek","sobota","niedziela")) | I1: ROZPISKA WÓZKÓW | K1: =$C$1 | L1: =IF(K1="","(brak dnia 10 w tym miesiącu)",CHOOSE(WEEKDAY(K1,2),"poniedziałek","wtorek","środa","czwartek","piątek","sobota","niedziela"))
A2: ="ZMIANA "&Ustawienia!$A$8 | C2: =Ustawienia!$B$8&"" | E2: ="ZMIANA "&Ustawienia!$A$9 | G2: =Ustawienia!$B$9&"" | I2: ="ZMIANA "&Ustawienia!$A$10 | K2: =Ustawienia!$B$10&""
A3: Specjalista zmiany: | E3: Specjalista zmiany: | I3: Specjalista zmiany:
A4: Lp | B4: Imię i nazwisko | C4: Wózek | D4: Uwagi | E4: Lp | F4: Imię i nazwisko | G4: Wózek | H4: Uwagi | I4: Lp | J4: Imię i nazwisko | K4: Wózek | L4: Uwagi
A5: =UPPER(Ustawienia!$A$14) | E5: =UPPER(Ustawienia!$A$14) | I5: =UPPER(Ustawienia!$A$14)
A6: 1 | E6: 1 | I6: 1
A7: 2 | E7: 2 | I7: 2
A8: 3 | E8: 3 | I8: 3
A9: 4 | E9: 4 | I9: 4
A10: 5 | E10: 5 | I10: 5
A11: 6 | E11: 6 | I11: 6
A12: =UPPER(Ustawienia!$A$15) | E12: =UPPER(Ustawienia!$A$15) | I12: =UPPER(Ustawienia!$A$15)
A13: 1 | E13: 1 | I13: 1
A14: 2 | E14: 2 | I14: 2
A15: 3 | E15: 3 | I15: 3
A16: 4 | E16: 4 | I16: 4
A17: 5 | E17: 5 | I17: 5
A18: 6 | E18: 6 | I18: 6
A19: 7 | E19: 7 | I19: 7
A20: 8 | E20: 8 | I20: 8
A21: =UPPER(Ustawienia!$A$16) | E21: =UPPER(Ustawienia!$A$16) | I21: =UPPER(Ustawienia!$A$16)
A22: 1 | E22: 1 | I22: 1
A23: 2 | E23: 2 | I23: 2
A24: 3 | E24: 3 | I24: 3
A25: 4 | E25: 4 | I25: 4
A26: =UPPER(Ustawienia!$A$17) | E26: =UPPER(Ustawienia!$A$17) | I26: =UPPER(Ustawienia!$A$17)
A27: 1 | E27: 1 | I27: 1
A28: 2 | E28: 2 | I28: 2
A29: 3 | E29: 3 | I29: 3
A30: 4 | E30: 4 | I30: 4
A31: =UPPER(Ustawienia!$A$18) | E31: =UPPER(Ustawienia!$A$18) | I31: =UPPER(Ustawienia!$A$18)
A32: 1 | E32: 1 | I32: 1
A33: 2 | E33: 2 | I33: 2
A34: 3 | E34: 3 | I34: 3
A35: 4 | E35: 4 | I35: 4
A36: 5 | E36: 5 | I36: 5
A38: Sporządził: ______________________ | C38: Podpis specjalisty zmiany: ________________ | E38: Sporządził: ______________________ | G38: Podpis specjalisty zmiany: ________________ | I38: Sporządził: ______________________ | K38: Podpis specjalisty zmiany: ________________

Sheet 11
A1: ROZPISKA WÓZKÓW | C1: =IF(11<=DniMiesiaca,DATE(Rok,Miesiac,11),"") | D1: =IF(C1="","(brak dnia 11 w tym miesiącu)",CHOOSE(WEEKDAY(C1,2),"poniedziałek","wtorek","środa","czwartek","piątek","sobota","niedziela")) | E1: ROZPISKA WÓZKÓW | G1: =$C$1 | H1: =IF(G1="","(brak dnia 11 w tym miesiącu)",CHOOSE(WEEKDAY(G1,2),"poniedziałek","wtorek","środa","czwartek","piątek","sobota","niedziela")) | I1: ROZPISKA WÓZKÓW | K1: =$C$1 | L1: =IF(K1="","(brak dnia 11 w tym miesiącu)",CHOOSE(WEEKDAY(K1,2),"poniedziałek","wtorek","środa","czwartek","piątek","sobota","niedziela"))
A2: ="ZMIANA "&Ustawienia!$A$8 | C2: =Ustawienia!$B$8&"" | E2: ="ZMIANA "&Ustawienia!$A$9 | G2: =Ustawienia!$B$9&"" | I2: ="ZMIANA "&Ustawienia!$A$10 | K2: =Ustawienia!$B$10&""
A3: Specjalista zmiany: | E3: Specjalista zmiany: | I3: Specjalista zmiany:
A4: Lp | B4: Imię i nazwisko | C4: Wózek | D4: Uwagi | E4: Lp | F4: Imię i nazwisko | G4: Wózek | H4: Uwagi | I4: Lp | J4: Imię i nazwisko | K4: Wózek | L4: Uwagi
A5: =UPPER(Ustawienia!$A$14) | E5: =UPPER(Ustawienia!$A$14) | I5: =UPPER(Ustawienia!$A$14)
A6: 1 | E6: 1 | I6: 1
A7: 2 | E7: 2 | I7: 2
A8: 3 | E8: 3 | I8: 3
A9: 4 | E9: 4 | I9: 4
A10: 5 | E10: 5 | I10: 5
A11: 6 | E11: 6 | I11: 6
A12: =UPPER(Ustawienia!$A$15) | E12: =UPPER(Ustawienia!$A$15) | I12: =UPPER(Ustawienia!$A$15)
A13: 1 | E13: 1 | I13: 1
A14: 2 | E14: 2 | I14: 2
A15: 3 | E15: 3 | I15: 3
A16: 4 | E16: 4 | I16: 4
A17: 5 | E17: 5 | I17: 5
A18: 6 | E18: 6 | I18: 6
A19: 7 | E19: 7 | I19: 7
A20: 8 | E20: 8 | I20: 8
A21: =UPPER(Ustawienia!$A$16) | E21: =UPPER(Ustawienia!$A$16) | I21: =UPPER(Ustawienia!$A$16)
A22: 1 | E22: 1 | I22: 1
A23: 2 | E23: 2 | I23: 2
A24: 3 | E24: 3 | I24: 3
A25: 4 | E25: 4 | I25: 4
A26: =UPPER(Ustawienia!$A$17) | E26: =UPPER(Ustawienia!$A$17) | I26: =UPPER(Ustawienia!$A$17)
A27: 1 | E27: 1 | I27: 1
A28: 2 | E28: 2 | I28: 2
A29: 3 | E29: 3 | I29: 3
A30: 4 | E30: 4 | I30: 4
A31: =UPPER(Ustawienia!$A$18) | E31: =UPPER(Ustawienia!$A$18) | I31: =UPPER(Ustawienia!$A$18)
A32: 1 | E32: 1 | I32: 1
A33: 2 | E33: 2 | I33: 2
A34: 3 | E34: 3 | I34: 3
A35: 4 | E35: 4 | I35: 4
A36: 5 | E36: 5 | I36: 5
A38: Sporządził: ______________________ | C38: Podpis specjalisty zmiany: ________________ | E38: Sporządził: ______________________ | G38: Podpis specjalisty zmiany: ________________ | I38: Sporządził: ______________________ | K38: Podpis specjalisty zmiany: ________________

Sheet 12
A1: ROZPISKA WÓZKÓW | C1: =IF(12<=DniMiesiaca,DATE(Rok,Miesiac,12),"") | D1: =IF(C1="","(brak dnia 12 w tym miesiącu)",CHOOSE(WEEKDAY(C1,2),"poniedziałek","wtorek","środa","czwartek","piątek","sobota","niedziela")) | E1: ROZPISKA WÓZKÓW | G1: =$C$1 | H1: =IF(G1="","(brak dnia 12 w tym miesiącu)",CHOOSE(WEEKDAY(G1,2),"poniedziałek","wtorek","środa","czwartek","piątek","sobota","niedziela")) | I1: ROZPISKA WÓZKÓW | K1: =$C$1 | L1: =IF(K1="","(brak dnia 12 w tym miesiącu)",CHOOSE(WEEKDAY(K1,2),"poniedziałek","wtorek","środa","czwartek","piątek","sobota","niedziela"))
A2: ="ZMIANA "&Ustawienia!$A$8 | C2: =Ustawienia!$B$8&"" | E2: ="ZMIANA "&Ustawienia!$A$9 | G2: =Ustawienia!$B$9&"" | I2: ="ZMIANA "&Ustawienia!$A$10 | K2: =Ustawienia!$B$10&""
A3: Specjalista zmiany: | E3: Specjalista zmiany: | I3: Specjalista zmiany:
A4: Lp | B4: Imię i nazwisko | C4: Wózek | D4: Uwagi | E4: Lp | F4: Imię i nazwisko | G4: Wózek | H4: Uwagi | I4: Lp | J4: Imię i nazwisko | K4: Wózek | L4: Uwagi
A5: =UPPER(Ustawienia!$A$14) | E5: =UPPER(Ustawienia!$A$14) | I5: =UPPER(Ustawienia!$A$14)
A6: 1 | E6: 1 | I6: 1
A7: 2 | E7: 2 | I7: 2
A8: 3 | E8: 3 | I8: 3
A9: 4 | E9: 4 | I9: 4
A10: 5 | E10: 5 | I10: 5
A11: 6 | E11: 6 | I11: 6
A12: =UPPER(Ustawienia!$A$15) | E12: =UPPER(Ustawienia!$A$15) | I12: =UPPER(Ustawienia!$A$15)
A13: 1 | E13: 1 | I13: 1
A14: 2 | E14: 2 | I14: 2
A15: 3 | E15: 3 | I15: 3
A16: 4 | E16: 4 | I16: 4
A17: 5 | E17: 5 | I17: 5
A18: 6 | E18: 6 | I18: 6
A19: 7 | E19: 7 | I19: 7
A20: 8 | E20: 8 | I20: 8
A21: =UPPER(Ustawienia!$A$16) | E21: =UPPER(Ustawienia!$A$16) | I21: =UPPER(Ustawienia!$A$16)
A22: 1 | E22: 1 | I22: 1
A23: 2 | E23: 2 | I23: 2
A24: 3 | E24: 3 | I24: 3
A25: 4 | E25: 4 | I25: 4
A26: =UPPER(Ustawienia!$A$17) | E26: =UPPER(Ustawienia!$A$17) | I26: =UPPER(Ustawienia!$A$17)
A27: 1 | E27: 1 | I27: 1
A28: 2 | E28: 2 | I28: 2
A29: 3 | E29: 3 | I29: 3
A30: 4 | E30: 4 | I30: 4
A31: =UPPER(Ustawienia!$A$18) | E31: =UPPER(Ustawienia!$A$18) | I31: =UPPER(Ustawienia!$A$18)
A32: 1 | E32: 1 | I32: 1
A33: 2 | E33: 2 | I33: 2
A34: 3 | E34: 3 | I34: 3
A35: 4 | E35: 4 | I35: 4
A36: 5 | E36: 5 | I36: 5
A38: Sporządził: ______________________ | C38: Podpis specjalisty zmiany: ________________ | E38: Sporządził: ______________________ | G38: Podpis specjalisty zmiany: ________________ | I38: Sporządził: ______________________ | K38: Podpis specjalisty zmiany: ________________

Sheet 13
A1: ROZPISKA WÓZKÓW | C1: =IF(13<=DniMiesiaca,DATE(Rok,Miesiac,13),"") | D1: =IF(C1="","(brak dnia 13 w tym miesiącu)",CHOOSE(WEEKDAY(C1,2),"poniedziałek","wtorek","środa","czwartek","piątek","sobota","niedziela")) | E1: ROZPISKA WÓZKÓW | G1: =$C$1 | H1: =IF(G1="","(brak dnia 13 w tym miesiącu)",CHOOSE(WEEKDAY(G1,2),"poniedziałek","wtorek","środa","czwartek","piątek","sobota","niedziela")) | I1: ROZPISKA WÓZKÓW | K1: =$C$1 | L1: =IF(K1="","(brak dnia 13 w tym miesiącu)",CHOOSE(WEEKDAY(K1,2),"poniedziałek","wtorek","środa","czwartek","piątek","sobota","niedziela"))
A2: ="ZMIANA "&Ustawienia!$A$8 | C2: =Ustawienia!$B$8&"" | E2: ="ZMIANA "&Ustawienia!$A$9 | G2: =Ustawienia!$B$9&"" | I2: ="ZMIANA "&Ustawienia!$A$10 | K2: =Ustawienia!$B$10&""
A3: Specjalista zmiany: | E3: Specjalista zmiany: | I3: Specjalista zmiany:
A4: Lp | B4: Imię i nazwisko | C4: Wózek | D4: Uwagi | E4: Lp | F4: Imię i nazwisko | G4: Wózek | H4: Uwagi | I4: Lp | J4: Imię i nazwisko | K4: Wózek | L4: Uwagi
A5: =UPPER(Ustawienia!$A$14) | E5: =UPPER(Ustawienia!$A$14) | I5: =UPPER(Ustawienia!$A$14)
A6: 1 | E6: 1 | I6: 1
A7: 2 | E7: 2 | I7: 2
A8: 3 | E8: 3 | I8: 3
A9: 4 | E9: 4 | I9: 4
A10: 5 | E10: 5 | I10: 5
A11: 6 | E11: 6 | I11: 6
A12: =UPPER(Ustawienia!$A$15) | E12: =UPPER(Ustawienia!$A$15) | I12: =UPPER(Ustawienia!$A$15)
A13: 1 | E13: 1 | I13: 1
A14: 2 | E14: 2 | I14: 2
A15: 3 | E15: 3 | I15: 3
A16: 4 | E16: 4 | I16: 4
A17: 5 | E17: 5 | I17: 5
A18: 6 | E18: 6 | I18: 6
A19: 7 | E19: 7 | I19: 7
A20: 8 | E20: 8 | I20: 8
A21: =UPPER(Ustawienia!$A$16) | E21: =UPPER(Ustawienia!$A$16) | I21: =UPPER(Ustawienia!$A$16)
A22: 1 | E22: 1 | I22: 1
A23: 2 | E23: 2 | I23: 2
A24: 3 | E24: 3 | I24: 3
A25: 4 | E25: 4 | I25: 4
A26: =UPPER(Ustawienia!$A$17) | E26: =UPPER(Ustawienia!$A$17) | I26: =UPPER(Ustawienia!$A$17)
A27: 1 | E27: 1 | I27: 1
A28: 2 | E28: 2 | I28: 2
A29: 3 | E29: 3 | I29: 3
A30: 4 | E30: 4 | I30: 4
A31: =UPPER(Ustawienia!$A$18) | E31: =UPPER(Ustawienia!$A$18) | I31: =UPPER(Ustawienia!$A$18)
A32: 1 | E32: 1 | I32: 1
A33: 2 | E33: 2 | I33: 2
A34: 3 | E34: 3 | I34: 3
A35: 4 | E35: 4 | I35: 4
A36: 5 | E36: 5 | I36: 5
A38: Sporządził: ______________________ | C38: Podpis specjalisty zmiany: ________________ | E38: Sporządził: ______________________ | G38: Podpis specjalisty zmiany: ________________ | I38: Sporządził: ______________________ | K38: Podpis specjalisty zmiany: ________________

Sheet 14
A1: ROZPISKA WÓZKÓW | C1: =IF(14<=DniMiesiaca,DATE(Rok,Miesiac,14),"") | D1: =IF(C1="","(brak dnia 14 w tym miesiącu)",CHOOSE(WEEKDAY(C1,2),"poniedziałek","wtorek","środa","czwartek","piątek","sobota","niedziela")) | E1: ROZPISKA WÓZKÓW | G1: =$C$1 | H1: =IF(G1="","(brak dnia 14 w tym miesiącu)",CHOOSE(WEEKDAY(G1,2),"poniedziałek","wtorek","środa","czwartek","piątek","sobota","niedziela")) | I1: ROZPISKA WÓZKÓW | K1: =$C$1 | L1: =IF(K1="","(brak dnia 14 w tym miesiącu)",CHOOSE(WEEKDAY(K1,2),"poniedziałek","wtorek","środa","czwartek","piątek","sobota","niedziela"))
A2: ="ZMIANA "&Ustawienia!$A$8 | C2: =Ustawienia!$B$8&"" | E2: ="ZMIANA "&Ustawienia!$A$9 | G2: =Ustawienia!$B$9&"" | I2: ="ZMIANA "&Ustawienia!$A$10 | K2: =Ustawienia!$B$10&""
A3: Specjalista zmiany: | E3: Specjalista zmiany: | I3: Specjalista zmiany:
A4: Lp | B4: Imię i nazwisko | C4: Wózek | D4: Uwagi | E4: Lp | F4: Imię i nazwisko | G4: Wózek | H4: Uwagi | I4: Lp | J4: Imię i nazwisko | K4: Wózek | L4: Uwagi
A5: =UPPER(Ustawienia!$A$14) | E5: =UPPER(Ustawienia!$A$14) | I5: =UPPER(Ustawienia!$A$14)
A6: 1 | E6: 1 | I6: 1
A7: 2 | E7: 2 | I7: 2
A8: 3 | E8: 3 | I8: 3
A9: 4 | E9: 4 | I9: 4
A10: 5 | E10: 5 | I10: 5
A11: 6 | E11: 6 | I11: 6
A12: =UPPER(Ustawienia!$A$15) | E12: =UPPER(Ustawienia!$A$15) | I12: =UPPER(Ustawienia!$A$15)
A13: 1 | E13: 1 | I13: 1
A14: 2 | E14: 2 | I14: 2
A15: 3 | E15: 3 | I15: 3
A16: 4 | E16: 4 | I16: 4
A17: 5 | E17: 5 | I17: 5
A18: 6 | E18: 6 | I18: 6
A19: 7 | E19: 7 | I19: 7
A20: 8 | E20: 8 | I20: 8
A21: =UPPER(Ustawienia!$A$16) | E21: =UPPER(Ustawienia!$A$16) | I21: =UPPER(Ustawienia!$A$16)
A22: 1 | E22: 1 | I22: 1
A23: 2 | E23: 2 | I23: 2
A24: 3 | E24: 3 | I24: 3
A25: 4 | E25: 4 | I25: 4
A26: =UPPER(Ustawienia!$A$17) | E26: =UPPER(Ustawienia!$A$17) | I26: =UPPER(Ustawienia!$A$17)
A27: 1 | E27: 1 | I27: 1
A28: 2 | E28: 2 | I28: 2
A29: 3 | E29: 3 | I29: 3
A30: 4 | E30: 4 | I30: 4
A31: =UPPER(Ustawienia!$A$18) | E31: =UPPER(Ustawienia!$A$18) | I31: =UPPER(Ustawienia!$A$18)
A32: 1 | E32: 1 | I32: 1
A33: 2 | E33: 2 | I33: 2
A34: 3 | E34: 3 | I34: 3
A35: 4 | E35: 4 | I35: 4
A36: 5 | E36: 5 | I36: 5
A38: Sporządził: ______________________ | C38: Podpis specjalisty zmiany: ________________ | E38: Sporządził: ______________________ | G38: Podpis specjalisty zmiany: ________________ | I38: Sporządził: ______________________ | K38: Podpis specjalisty zmiany: ________________

Sheet 15
A1: ROZPISKA WÓZKÓW | C1: =IF(15<=DniMiesiaca,DATE(Rok,Miesiac,15),"") | D1: =IF(C1="","(brak dnia 15 w tym miesiącu)",CHOOSE(WEEKDAY(C1,2),"poniedziałek","wtorek","środa","czwartek","piątek","sobota","niedziela")) | E1: ROZPISKA WÓZKÓW | G1: =$C$1 | H1: =IF(G1="","(brak dnia 15 w tym miesiącu)",CHOOSE(WEEKDAY(G1,2),"poniedziałek","wtorek","środa","czwartek","piątek","sobota","niedziela")) | I1: ROZPISKA WÓZKÓW | K1: =$C$1 | L1: =IF(K1="","(brak dnia 15 w tym miesiącu)",CHOOSE(WEEKDAY(K1,2),"poniedziałek","wtorek","środa","czwartek","piątek","sobota","niedziela"))
A2: ="ZMIANA "&Ustawienia!$A$8 | C2: =Ustawienia!$B$8&"" | E2: ="ZMIANA "&Ustawienia!$A$9 | G2: =Ustawienia!$B$9&"" | I2: ="ZMIANA "&Ustawienia!$A$10 | K2: =Ustawienia!$B$10&""
A3: Specjalista zmiany: | E3: Specjalista zmiany: | I3: Specjalista zmiany:
A4: Lp | B4: Imię i nazwisko | C4: Wózek | D4: Uwagi | E4: Lp | F4: Imię i nazwisko | G4: Wózek | H4: Uwagi | I4: Lp | J4: Imię i nazwisko | K4: Wózek | L4: Uwagi
A5: =UPPER(Ustawienia!$A$14) | E5: =UPPER(Ustawienia!$A$14) | I5: =UPPER(Ustawienia!$A$14)
A6: 1 | E6: 1 | I6: 1
A7: 2 | E7: 2 | I7: 2
A8: 3 | E8: 3 | I8: 3
A9: 4 | E9: 4 | I9: 4
A10: 5 | E10: 5 | I10: 5
A11: 6 | E11: 6 | I11: 6
A12: =UPPER(Ustawienia!$A$15) | E12: =UPPER(Ustawienia!$A$15) | I12: =UPPER(Ustawienia!$A$15)
A13: 1 | E13: 1 | I13: 1
A14: 2 | E14: 2 | I14: 2
A15: 3 | E15: 3 | I15: 3
A16: 4 | E16: 4 | I16: 4
A17: 5 | E17: 5 | I17: 5
A18: 6 | E18: 6 | I18: 6
A19: 7 | E19: 7 | I19: 7
A20: 8 | E20: 8 | I20: 8
A21: =UPPER(Ustawienia!$A$16) | E21: =UPPER(Ustawienia!$A$16) | I21: =UPPER(Ustawienia!$A$16)
A22: 1 | E22: 1 | I22: 1
A23: 2 | E23: 2 | I23: 2
A24: 3 | E24: 3 | I24: 3
A25: 4 | E25: 4 | I25: 4
A26: =UPPER(Ustawienia!$A$17) | E26: =UPPER(Ustawienia!$A$17) | I26: =UPPER(Ustawienia!$A$17)
A27: 1 | E27: 1 | I27: 1
A28: 2 | E28: 2 | I28: 2
A29: 3 | E29: 3 | I29: 3
A30: 4 | E30: 4 | I30: 4
A31: =UPPER(Ustawienia!$A$18) | E31: =UPPER(Ustawienia!$A$18) | I31: =UPPER(Ustawienia!$A$18)
A32: 1 | E32: 1 | I32: 1
A33: 2 | E33: 2 | I33: 2
A34: 3 | E34: 3 | I34: 3
A35: 4 | E35: 4 | I35: 4
A36: 5 | E36: 5 | I36: 5
A38: Sporządził: ______________________ | C38: Podpis specjalisty zmiany: ________________ | E38: Sporządził: ______________________ | G38: Podpis specjalisty zmiany: ________________ | I38: Sporządził: ______________________ | K38: Podpis specjalisty zmiany: ________________

Sheet 16
A1: ROZPISKA WÓZKÓW | C1: =IF(16<=DniMiesiaca,DATE(Rok,Miesiac,16),"") | D1: =IF(C1="","(brak dnia 16 w tym miesiącu)",CHOOSE(WEEKDAY(C1,2),"poniedziałek","wtorek","środa","czwartek","piątek","sobota","niedziela")) | E1: ROZPISKA WÓZKÓW | G1: =$C$1 | H1: =IF(G1="","(brak dnia 16 w tym miesiącu)",CHOOSE(WEEKDAY(G1,2),"poniedziałek","wtorek","środa","czwartek","piątek","sobota","niedziela")) | I1: ROZPISKA WÓZKÓW | K1: =$C$1 | L1: =IF(K1="","(brak dnia 16 w tym miesiącu)",CHOOSE(WEEKDAY(K1,2),"poniedziałek","wtorek","środa","czwartek","piątek","sobota","niedziela"))
A2: ="ZMIANA "&Ustawienia!$A$8 | C2: =Ustawienia!$B$8&"" | E2: ="ZMIANA "&Ustawienia!$A$9 | G2: =Ustawienia!$B$9&"" | I2: ="ZMIANA "&Ustawienia!$A$10 | K2: =Ustawienia!$B$10&""
A3: Specjalista zmiany: | E3: Specjalista zmiany: | I3: Specjalista zmiany:
A4: Lp | B4: Imię i nazwisko | C4: Wózek | D4: Uwagi | E4: Lp | F4: Imię i nazwisko | G4: Wózek | H4: Uwagi | I4: Lp | J4: Imię i nazwisko | K4: Wózek | L4: Uwagi
A5: =UPPER(Ustawienia!$A$14) | E5: =UPPER(Ustawienia!$A$14) | I5: =UPPER(Ustawienia!$A$14)
A6: 1 | E6: 1 | I6: 1
A7: 2 | E7: 2 | I7: 2
A8: 3 | E8: 3 | I8: 3
A9: 4 | E9: 4 | I9: 4
A10: 5 | E10: 5 | I10: 5
A11: 6 | E11: 6 | I11: 6
A12: =UPPER(Ustawienia!$A$15) | E12: =UPPER(Ustawienia!$A$15) | I12: =UPPER(Ustawienia!$A$15)
A13: 1 | E13: 1 | I13: 1
A14: 2 | E14: 2 | I14: 2
A15: 3 | E15: 3 | I15: 3
A16: 4 | E16: 4 | I16: 4
A17: 5 | E17: 5 | I17: 5
A18: 6 | E18: 6 | I18: 6
A19: 7 | E19: 7 | I19: 7
A20: 8 | E20: 8 | I20: 8
A21: =UPPER(Ustawienia!$A$16) | E21: =UPPER(Ustawienia!$A$16) | I21: =UPPER(Ustawienia!$A$16)
A22: 1 | E22: 1 | I22: 1
A23: 2 | E23: 2 | I23: 2
A24: 3 | E24: 3 | I24: 3
A25: 4 | E25: 4 | I25: 4
A26: =UPPER(Ustawienia!$A$17) | E26: =UPPER(Ustawienia!$A$17) | I26: =UPPER(Ustawienia!$A$17)
A27: 1 | E27: 1 | I27: 1
A28: 2 | E28: 2 | I28: 2
A29: 3 | E29: 3 | I29: 3
A30: 4 | E30: 4 | I30: 4
A31: =UPPER(Ustawienia!$A$18) | E31: =UPPER(Ustawienia!$A$18) | I31: =UPPER(Ustawienia!$A$18)
A32: 1 | E32: 1 | I32: 1
A33: 2 | E33: 2 | I33: 2
A34: 3 | E34: 3 | I34: 3
A35: 4 | E35: 4 | I35: 4
A36: 5 | E36: 5 | I36: 5
A38: Sporządził: ______________________ | C38: Podpis specjalisty zmiany: ________________ | E38: Sporządził: ______________________ | G38: Podpis specjalisty zmiany: ________________ | I38: Sporządził: ______________________ | K38: Podpis specjalisty zmiany: ________________

Sheet 17
A1: ROZPISKA WÓZKÓW | C1: =IF(17<=DniMiesiaca,DATE(Rok,Miesiac,17),"") | D1: =IF(C1="","(brak dnia 17 w tym miesiącu)",CHOOSE(WEEKDAY(C1,2),"poniedziałek","wtorek","środa","czwartek","piątek","sobota","niedziela")) | E1: ROZPISKA WÓZKÓW | G1: =$C$1 | H1: =IF(G1="","(brak dnia 17 w tym miesiącu)",CHOOSE(WEEKDAY(G1,2),"poniedziałek","wtorek","środa","czwartek","piątek","sobota","niedziela")) | I1: ROZPISKA WÓZKÓW | K1: =$C$1 | L1: =IF(K1="","(brak dnia 17 w tym miesiącu)",CHOOSE(WEEKDAY(K1,2),"poniedziałek","wtorek","środa","czwartek","piątek","sobota","niedziela"))
A2: ="ZMIANA "&Ustawienia!$A$8 | C2: =Ustawienia!$B$8&"" | E2: ="ZMIANA "&Ustawienia!$A$9 | G2: =Ustawienia!$B$9&"" | I2: ="ZMIANA "&Ustawienia!$A$10 | K2: =Ustawienia!$B$10&""
A3: Specjalista zmiany: | E3: Specjalista zmiany: | I3: Specjalista zmiany:
A4: Lp | B4: Imię i nazwisko | C4: Wózek | D4: Uwagi | E4: Lp | F4: Imię i nazwisko | G4: Wózek | H4: Uwagi | I4: Lp | J4: Imię i nazwisko | K4: Wózek | L4: Uwagi
A5: =UPPER(Ustawienia!$A$14) | E5: =UPPER(Ustawienia!$A$14) | I5: =UPPER(Ustawienia!$A$14)
A6: 1 | E6: 1 | I6: 1
A7: 2 | E7: 2 | I7: 2
A8: 3 | E8: 3 | I8: 3
A9: 4 | E9: 4 | I9: 4
A10: 5 | E10: 5 | I10: 5
A11: 6 | E11: 6 | I11: 6
A12: =UPPER(Ustawienia!$A$15) | E12: =UPPER(Ustawienia!$A$15) | I12: =UPPER(Ustawienia!$A$15)
A13: 1 | E13: 1 | I13: 1
A14: 2 | E14: 2 | I14: 2
A15: 3 | E15: 3 | I15: 3
A16: 4 | E16: 4 | I16: 4
A17: 5 | E17: 5 | I17: 5
A18: 6 | E18: 6 | I18: 6
A19: 7 | E19: 7 | I19: 7
A20: 8 | E20: 8 | I20: 8
A21: =UPPER(Ustawienia!$A$16) | E21: =UPPER(Ustawienia!$A$16) | I21: =UPPER(Ustawienia!$A$16)
A22: 1 | E22: 1 | I22: 1
A23: 2 | E23: 2 | I23: 2
A24: 3 | E24: 3 | I24: 3
A25: 4 | E25: 4 | I25: 4
A26: =UPPER(Ustawienia!$A$17) | E26: =UPPER(Ustawienia!$A$17) | I26: =UPPER(Ustawienia!$A$17)
A27: 1 | E27: 1 | I27: 1
A28: 2 | E28: 2 | I28: 2
A29: 3 | E29: 3 | I29: 3
A30: 4 | E30: 4 | I30: 4
A31: =UPPER(Ustawienia!$A$18) | E31: =UPPER(Ustawienia!$A$18) | I31: =UPPER(Ustawienia!$A$18)
A32: 1 | E32: 1 | I32: 1
A33: 2 | E33: 2 | I33: 2
A34: 3 | E34: 3 | I34: 3
A35: 4 | E35: 4 | I35: 4
A36: 5 | E36: 5 | I36: 5
A38: Sporządził: ______________________ | C38: Podpis specjalisty zmiany: ________________ | E38: Sporządził: ______________________ | G38: Podpis specjalisty zmiany: ________________ | I38: Sporządził: ______________________ | K38: Podpis specjalisty zmiany: ________________

Sheet 18
A1: ROZPISKA WÓZKÓW | C1: =IF(18<=DniMiesiaca,DATE(Rok,Miesiac,18),"") | D1: =IF(C1="","(brak dnia 18 w tym miesiącu)",CHOOSE(WEEKDAY(C1,2),"poniedziałek","wtorek","środa","czwartek","piątek","sobota","niedziela")) | E1: ROZPISKA WÓZKÓW | G1: =$C$1 | H1: =IF(G1="","(brak dnia 18 w tym miesiącu)",CHOOSE(WEEKDAY(G1,2),"poniedziałek","wtorek","środa","czwartek","piątek","sobota","niedziela")) | I1: ROZPISKA WÓZKÓW | K1: =$C$1 | L1: =IF(K1="","(brak dnia 18 w tym miesiącu)",CHOOSE(WEEKDAY(K1,2),"poniedziałek","wtorek","środa","czwartek","piątek","sobota","niedziela"))
A2: ="ZMIANA "&Ustawienia!$A$8 | C2: =Ustawienia!$B$8&"" | E2: ="ZMIANA "&Ustawienia!$A$9 | G2: =Ustawienia!$B$9&"" | I2: ="ZMIANA "&Ustawienia!$A$10 | K2: =Ustawienia!$B$10&""
A3: Specjalista zmiany: | E3: Specjalista zmiany: | I3: Specjalista zmiany:
A4: Lp | B4: Imię i nazwisko | C4: Wózek | D4: Uwagi | E4: Lp | F4: Imię i nazwisko | G4: Wózek | H4: Uwagi | I4: Lp | J4: Imię i nazwisko | K4: Wózek | L4: Uwagi
A5: =UPPER(Ustawienia!$A$14) | E5: =UPPER(Ustawienia!$A$14) | I5: =UPPER(Ustawienia!$A$14)
A6: 1 | E6: 1 | I6: 1
A7: 2 | E7: 2 | I7: 2
A8: 3 | E8: 3 | I8: 3
A9: 4 | E9: 4 | I9: 4
A10: 5 | E10: 5 | I10: 5
A11: 6 | E11: 6 | I11: 6
A12: =UPPER(Ustawienia!$A$15) | E12: =UPPER(Ustawienia!$A$15) | I12: =UPPER(Ustawienia!$A$15)
A13: 1 | E13: 1 | I13: 1
A14: 2 | E14: 2 | I14: 2
A15: 3 | E15: 3 | I15: 3
A16: 4 | E16: 4 | I16: 4
A17: 5 | E17: 5 | I17: 5
A18: 6 | E18: 6 | I18: 6
A19: 7 | E19: 7 | I19: 7
A20: 8 | E20: 8 | I20: 8
A21: =UPPER(Ustawienia!$A$16) | E21: =UPPER(Ustawienia!$A$16) | I21: =UPPER(Ustawienia!$A$16)
A22: 1 | E22: 1 | I22: 1
A23: 2 | E23: 2 | I23: 2
A24: 3 | E24: 3 | I24: 3
A25: 4 | E25: 4 | I25: 4
A26: =UPPER(Ustawienia!$A$17) | E26: =UPPER(Ustawienia!$A$17) | I26: =UPPER(Ustawienia!$A$17)
A27: 1 | E27: 1 | I27: 1
A28: 2 | E28: 2 | I28: 2
A29: 3 | E29: 3 | I29: 3
A30: 4 | E30: 4 | I30: 4
A31: =UPPER(Ustawienia!$A$18) | E31: =UPPER(Ustawienia!$A$18) | I31: =UPPER(Ustawienia!$A$18)
A32: 1 | E32: 1 | I32: 1
A33: 2 | E33: 2 | I33: 2
A34: 3 | E34: 3 | I34: 3
A35: 4 | E35: 4 | I35: 4
A36: 5 | E36: 5 | I36: 5
A38: Sporządził: ______________________ | C38: Podpis specjalisty zmiany: ________________ | E38: Sporządził: ______________________ | G38: Podpis specjalisty zmiany: ________________ | I38: Sporządził: ______________________ | K38: Podpis specjalisty zmiany: ________________

Sheet 19
A1: ROZPISKA WÓZKÓW | C1: =IF(19<=DniMiesiaca,DATE(Rok,Miesiac,19),"") | D1: =IF(C1="","(brak dnia 19 w tym miesiącu)",CHOOSE(WEEKDAY(C1,2),"poniedziałek","wtorek","środa","czwartek","piątek","sobota","niedziela")) | E1: ROZPISKA WÓZKÓW | G1: =$C$1 | H1: =IF(G1="","(brak dnia 19 w tym miesiącu)",CHOOSE(WEEKDAY(G1,2),"poniedziałek","wtorek","środa","czwartek","piątek","sobota","niedziela")) | I1: ROZPISKA WÓZKÓW | K1: =$C$1 | L1: =IF(K1="","(brak dnia 19 w tym miesiącu)",CHOOSE(WEEKDAY(K1,2),"poniedziałek","wtorek","środa","czwartek","piątek","sobota","niedziela"))
A2: ="ZMIANA "&Ustawienia!$A$8 | C2: =Ustawienia!$B$8&"" | E2: ="ZMIANA "&Ustawienia!$A$9 | G2: =Ustawienia!$B$9&"" | I2: ="ZMIANA "&Ustawienia!$A$10 | K2: =Ustawienia!$B$10&""
A3: Specjalista zmiany: | E3: Specjalista zmiany: | I3: Specjalista zmiany:
A4: Lp | B4: Imię i nazwisko | C4: Wózek | D4: Uwagi | E4: Lp | F4: Imię i nazwisko | G4: Wózek | H4: Uwagi | I4: Lp | J4: Imię i nazwisko | K4: Wózek | L4: Uwagi
A5: =UPPER(Ustawienia!$A$14) | E5: =UPPER(Ustawienia!$A$14) | I5: =UPPER(Ustawienia!$A$14)
A6: 1 | E6: 1 | I6: 1
A7: 2 | E7: 2 | I7: 2
A8: 3 | E8: 3 | I8: 3
A9: 4 | E9: 4 | I9: 4
A10: 5 | E10: 5 | I10: 5
A11: 6 | E11: 6 | I11: 6
A12: =UPPER(Ustawienia!$A$15) | E12: =UPPER(Ustawienia!$A$15) | I12: =UPPER(Ustawienia!$A$15)
A13: 1 | E13: 1 | I13: 1
A14: 2 | E14: 2 | I14: 2
A15: 3 | E15: 3 | I15: 3
A16: 4 | E16: 4 | I16: 4
A17: 5 | E17: 5 | I17: 5
A18: 6 | E18: 6 | I18: 6
A19: 7 | E19: 7 | I19: 7
A20: 8 | E20: 8 | I20: 8
A21: =UPPER(Ustawienia!$A$16) | E21: =UPPER(Ustawienia!$A$16) | I21: =UPPER(Ustawienia!$A$16)
A22: 1 | E22: 1 | I22: 1
A23: 2 | E23: 2 | I23: 2
A24: 3 | E24: 3 | I24: 3
A25: 4 | E25: 4 | I25: 4
A26: =UPPER(Ustawienia!$A$17) | E26: =UPPER(Ustawienia!$A$17) | I26: =UPPER(Ustawienia!$A$17)
A27: 1 | E27: 1 | I27: 1
A28: 2 | E28: 2 | I28: 2
A29: 3 | E29: 3 | I29: 3
A30: 4 | E30: 4 | I30: 4
A31: =UPPER(Ustawienia!$A$18) | E31: =UPPER(Ustawienia!$A$18) | I31: =UPPER(Ustawienia!$A$18)
A32: 1 | E32: 1 | I32: 1
A33: 2 | E33: 2 | I33: 2
A34: 3 | E34: 3 | I34: 3
A35: 4 | E35: 4 | I35: 4
A36: 5 | E36: 5 | I36: 5
A38: Sporządził: ______________________ | C38: Podpis specjalisty zmiany: ________________ | E38: Sporządził: ______________________ | G38: Podpis specjalisty zmiany: ________________ | I38: Sporządził: ______________________ | K38: Podpis specjalisty zmiany: ________________

Sheet 20
A1: ROZPISKA WÓZKÓW | C1: =IF(20<=DniMiesiaca,DATE(Rok,Miesiac,20),"") | D1: =IF(C1="","(brak dnia 20 w tym miesiącu)",CHOOSE(WEEKDAY(C1,2),"poniedziałek","wtorek","środa","czwartek","piątek","sobota","niedziela")) | E1: ROZPISKA WÓZKÓW | G1: =$C$1 | H1: =IF(G1="","(brak dnia 20 w tym miesiącu)",CHOOSE(WEEKDAY(G1,2),"poniedziałek","wtorek","środa","czwartek","piątek","sobota","niedziela")) | I1: ROZPISKA WÓZKÓW | K1: =$C$1 | L1: =IF(K1="","(brak dnia 20 w tym miesiącu)",CHOOSE(WEEKDAY(K1,2),"poniedziałek","wtorek","środa","czwartek","piątek","sobota","niedziela"))
A2: ="ZMIANA "&Ustawienia!$A$8 | C2: =Ustawienia!$B$8&"" | E2: ="ZMIANA "&Ustawienia!$A$9 | G2: =Ustawienia!$B$9&"" | I2: ="ZMIANA "&Ustawienia!$A$10 | K2: =Ustawienia!$B$10&""
A3: Specjalista zmiany: | E3: Specjalista zmiany: | I3: Specjalista zmiany:
A4: Lp | B4: Imię i nazwisko | C4: Wózek | D4: Uwagi | E4: Lp | F4: Imię i nazwisko | G4: Wózek | H4: Uwagi | I4: Lp | J4: Imię i nazwisko | K4: Wózek | L4: Uwagi
A5: =UPPER(Ustawienia!$A$14) | E5: =UPPER(Ustawienia!$A$14) | I5: =UPPER(Ustawienia!$A$14)
A6: 1 | E6: 1 | I6: 1
A7: 2 | E7: 2 | I7: 2
A8: 3 | E8: 3 | I8: 3
A9: 4 | E9: 4 | I9: 4
A10: 5 | E10: 5 | I10: 5
A11: 6 | E11: 6 | I11: 6
A12: =UPPER(Ustawienia!$A$15) | E12: =UPPER(Ustawienia!$A$15) | I12: =UPPER(Ustawienia!$A$15)
A13: 1 | E13: 1 | I13: 1
A14: 2 | E14: 2 | I14: 2
A15: 3 | E15: 3 | I15: 3
A16: 4 | E16: 4 | I16: 4
A17: 5 | E17: 5 | I17: 5
A18: 6 | E18: 6 | I18: 6
A19: 7 | E19: 7 | I19: 7
A20: 8 | E20: 8 | I20: 8
A21: =UPPER(Ustawienia!$A$16) | E21: =UPPER(Ustawienia!$A$16) | I21: =UPPER(Ustawienia!$A$16)
A22: 1 | E22: 1 | I22: 1
A23: 2 | E23: 2 | I23: 2
A24: 3 | E24: 3 | I24: 3
A25: 4 | E25: 4 | I25: 4
A26: =UPPER(Ustawienia!$A$17) | E26: =UPPER(Ustawienia!$A$17) | I26: =UPPER(Ustawienia!$A$17)
A27: 1 | E27: 1 | I27: 1
A28: 2 | E28: 2 | I28: 2
A29: 3 | E29: 3 | I29: 3
A30: 4 | E30: 4 | I30: 4
A31: =UPPER(Ustawienia!$A$18) | E31: =UPPER(Ustawienia!$A$18) | I31: =UPPER(Ustawienia!$A$18)
A32: 1 | E32: 1 | I32: 1
A33: 2 | E33: 2 | I33: 2
A34: 3 | E34: 3 | I34: 3
A35: 4 | E35: 4 | I35: 4
A36: 5 | E36: 5 | I36: 5
A38: Sporządził: ______________________ | C38: Podpis specjalisty zmiany: ________________ | E38: Sporządził: ______________________ | G38: Podpis specjalisty zmiany: ________________ | I38: Sporządził: ______________________ | K38: Podpis specjalisty zmiany: ________________

Sheet 21
A1: ROZPISKA WÓZKÓW | C1: =IF(21<=DniMiesiaca,DATE(Rok,Miesiac,21),"") | D1: =IF(C1="","(brak dnia 21 w tym miesiącu)",CHOOSE(WEEKDAY(C1,2),"poniedziałek","wtorek","środa","czwartek","piątek","sobota","niedziela")) | E1: ROZPISKA WÓZKÓW | G1: =$C$1 | H1: =IF(G1="","(brak dnia 21 w tym miesiącu)",CHOOSE(WEEKDAY(G1,2),"poniedziałek","wtorek","środa","czwartek","piątek","sobota","niedziela")) | I1: ROZPISKA WÓZKÓW | K1: =$C$1 | L1: =IF(K1="","(brak dnia 21 w tym miesiącu)",CHOOSE(WEEKDAY(K1,2),"poniedziałek","wtorek","środa","czwartek","piątek","sobota","niedziela"))
A2: ="ZMIANA "&Ustawienia!$A$8 | C2: =Ustawienia!$B$8&"" | E2: ="ZMIANA "&Ustawienia!$A$9 | G2: =Ustawienia!$B$9&"" | I2: ="ZMIANA "&Ustawienia!$A$10 | K2: =Ustawienia!$B$10&""
A3: Specjalista zmiany: | E3: Specjalista zmiany: | I3: Specjalista zmiany:
A4: Lp | B4: Imię i nazwisko | C4: Wózek | D4: Uwagi | E4: Lp | F4: Imię i nazwisko | G4: Wózek | H4: Uwagi | I4: Lp | J4: Imię i nazwisko | K4: Wózek | L4: Uwagi
A5: =UPPER(Ustawienia!$A$14) | E5: =UPPER(Ustawienia!$A$14) | I5: =UPPER(Ustawienia!$A$14)
A6: 1 | E6: 1 | I6: 1
A7: 2 | E7: 2 | I7: 2
A8: 3 | E8: 3 | I8: 3
A9: 4 | E9: 4 | I9: 4
A10: 5 | E10: 5 | I10: 5
A11: 6 | E11: 6 | I11: 6
A12: =UPPER(Ustawienia!$A$15) | E12: =UPPER(Ustawienia!$A$15) | I12: =UPPER(Ustawienia!$A$15)
A13: 1 | E13: 1 | I13: 1
A14: 2 | E14: 2 | I14: 2
A15: 3 | E15: 3 | I15: 3
A16: 4 | E16: 4 | I16: 4
A17: 5 | E17: 5 | I17: 5
A18: 6 | E18: 6 | I18: 6
A19: 7 | E19: 7 | I19: 7
A20: 8 | E20: 8 | I20: 8
A21: =UPPER(Ustawienia!$A$16) | E21: =UPPER(Ustawienia!$A$16) | I21: =UPPER(Ustawienia!$A$16)
A22: 1 | E22: 1 | I22: 1
A23: 2 | E23: 2 | I23: 2
A24: 3 | E24: 3 | I24: 3
A25: 4 | E25: 4 | I25: 4
A26: =UPPER(Ustawienia!$A$17) | E26: =UPPER(Ustawienia!$A$17) | I26: =UPPER(Ustawienia!$A$17)
A27: 1 | E27: 1 | I27: 1
A28: 2 | E28: 2 | I28: 2
A29: 3 | E29: 3 | I29: 3
A30: 4 | E30: 4 | I30: 4
A31: =UPPER(Ustawienia!$A$18) | E31: =UPPER(Ustawienia!$A$18) | I31: =UPPER(Ustawienia!$A$18)
A32: 1 | E32: 1 | I32: 1
A33: 2 | E33: 2 | I33: 2
A34: 3 | E34: 3 | I34: 3
A35: 4 | E35: 4 | I35: 4
A36: 5 | E36: 5 | I36: 5
A38: Sporządził: ______________________ | C38: Podpis specjalisty zmiany: ________________ | E38: Sporządził: ______________________ | G38: Podpis specjalisty zmiany: ________________ | I38: Sporządził: ______________________ | K38: Podpis specjalisty zmiany: ________________

Sheet 22
A1: ROZPISKA WÓZKÓW | C1: =IF(22<=DniMiesiaca,DATE(Rok,Miesiac,22),"") | D1: =IF(C1="","(brak dnia 22 w tym miesiącu)",CHOOSE(WEEKDAY(C1,2),"poniedziałek","wtorek","środa","czwartek","piątek","sobota","niedziela")) | E1: ROZPISKA WÓZKÓW | G1: =$C$1 | H1: =IF(G1="","(brak dnia 22 w tym miesiącu)",CHOOSE(WEEKDAY(G1,2),"poniedziałek","wtorek","środa","czwartek","piątek","sobota","niedziela")) | I1: ROZPISKA WÓZKÓW | K1: =$C$1 | L1: =IF(K1="","(brak dnia 22 w tym miesiącu)",CHOOSE(WEEKDAY(K1,2),"poniedziałek","wtorek","środa","czwartek","piątek","sobota","niedziela"))
A2: ="ZMIANA "&Ustawienia!$A$8 | C2: =Ustawienia!$B$8&"" | E2: ="ZMIANA "&Ustawienia!$A$9 | G2: =Ustawienia!$B$9&"" | I2: ="ZMIANA "&Ustawienia!$A$10 | K2: =Ustawienia!$B$10&""
A3: Specjalista zmiany: | E3: Specjalista zmiany: | I3: Specjalista zmiany:
A4: Lp | B4: Imię i nazwisko | C4: Wózek | D4: Uwagi | E4: Lp | F4: Imię i nazwisko | G4: Wózek | H4: Uwagi | I4: Lp | J4: Imię i nazwisko | K4: Wózek | L4: Uwagi
A5: =UPPER(Ustawienia!$A$14) | E5: =UPPER(Ustawienia!$A$14) | I5: =UPPER(Ustawienia!$A$14)
A6: 1 | E6: 1 | I6: 1
A7: 2 | E7: 2 | I7: 2
A8: 3 | E8: 3 | I8: 3
A9: 4 | E9: 4 | I9: 4
A10: 5 | E10: 5 | I10: 5
A11: 6 | E11: 6 | I11: 6
A12: =UPPER(Ustawienia!$A$15) | E12: =UPPER(Ustawienia!$A$15) | I12: =UPPER(Ustawienia!$A$15)
A13: 1 | E13: 1 | I13: 1
A14: 2 | E14: 2 | I14: 2
A15: 3 | E15: 3 | I15: 3
A16: 4 | E16: 4 | I16: 4
A17: 5 | E17: 5 | I17: 5
A18: 6 | E18: 6 | I18: 6
A19: 7 | E19: 7 | I19: 7
A20: 8 | E20: 8 | I20: 8
A21: =UPPER(Ustawienia!$A$16) | E21: =UPPER(Ustawienia!$A$16) | I21: =UPPER(Ustawienia!$A$16)
A22: 1 | E22: 1 | I22: 1
A23: 2 | E23: 2 | I23: 2
A24: 3 | E24: 3 | I24: 3
A25: 4 | E25: 4 | I25: 4
A26: =UPPER(Ustawienia!$A$17) | E26: =UPPER(Ustawienia!$A$17) | I26: =UPPER(Ustawienia!$A$17)
A27: 1 | E27: 1 | I27: 1
A28: 2 | E28: 2 | I28: 2
A29: 3 | E29: 3 | I29: 3
A30: 4 | E30: 4 | I30: 4
A31: =UPPER(Ustawienia!$A$18) | E31: =UPPER(Ustawienia!$A$18) | I31: =UPPER(Ustawienia!$A$18)
A32: 1 | E32: 1 | I32: 1
A33: 2 | E33: 2 | I33: 2
A34: 3 | E34: 3 | I34: 3
A35: 4 | E35: 4 | I35: 4
A36: 5 | E36: 5 | I36: 5
A38: Sporządził: ______________________ | C38: Podpis specjalisty zmiany: ________________ | E38: Sporządził: ______________________ | G38: Podpis specjalisty zmiany: ________________ | I38: Sporządził: ______________________ | K38: Podpis specjalisty zmiany: ________________

Sheet 23
A1: ROZPISKA WÓZKÓW | C1: =IF(23<=DniMiesiaca,DATE(Rok,Miesiac,23),"") | D1: =IF(C1="","(brak dnia 23 w tym miesiącu)",CHOOSE(WEEKDAY(C1,2),"poniedziałek","wtorek","środa","czwartek","piątek","sobota","niedziela")) | E1: ROZPISKA WÓZKÓW | G1: =$C$1 | H1: =IF(G1="","(brak dnia 23 w tym miesiącu)",CHOOSE(WEEKDAY(G1,2),"poniedziałek","wtorek","środa","czwartek","piątek","sobota","niedziela")) | I1: ROZPISKA WÓZKÓW | K1: =$C$1 | L1: =IF(K1="","(brak dnia 23 w tym miesiącu)",CHOOSE(WEEKDAY(K1,2),"poniedziałek","wtorek","środa","czwartek","piątek","sobota","niedziela"))
A2: ="ZMIANA "&Ustawienia!$A$8 | C2: =Ustawienia!$B$8&"" | E2: ="ZMIANA "&Ustawienia!$A$9 | G2: =Ustawienia!$B$9&"" | I2: ="ZMIANA "&Ustawienia!$A$10 | K2: =Ustawienia!$B$10&""
A3: Specjalista zmiany: | E3: Specjalista zmiany: | I3: Specjalista zmiany:
A4: Lp | B4: Imię i nazwisko | C4: Wózek | D4: Uwagi | E4: Lp | F4: Imię i nazwisko | G4: Wózek | H4: Uwagi | I4: Lp | J4: Imię i nazwisko | K4: Wózek | L4: Uwagi
A5: =UPPER(Ustawienia!$A$14) | E5: =UPPER(Ustawienia!$A$14) | I5: =UPPER(Ustawienia!$A$14)
A6: 1 | E6: 1 | I6: 1
A7: 2 | E7: 2 | I7: 2
A8: 3 | E8: 3 | I8: 3
A9: 4 | E9: 4 | I9: 4
A10: 5 | E10: 5 | I10: 5
A11: 6 | E11: 6 | I11: 6
A12: =UPPER(Ustawienia!$A$15) | E12: =UPPER(Ustawienia!$A$15) | I12: =UPPER(Ustawienia!$A$15)
A13: 1 | E13: 1 | I13: 1
A14: 2 | E14: 2 | I14: 2
A15: 3 | E15: 3 | I15: 3
A16: 4 | E16: 4 | I16: 4
A17: 5 | E17: 5 | I17: 5
A18: 6 | E18: 6 | I18: 6
A19: 7 | E19: 7 | I19: 7
A20: 8 | E20: 8 | I20: 8
A21: =UPPER(Ustawienia!$A$16) | E21: =UPPER(Ustawienia!$A$16) | I21: =UPPER(Ustawienia!$A$16)
A22: 1 | E22: 1 | I22: 1
A23: 2 | E23: 2 | I23: 2
A24: 3 | E24: 3 | I24: 3
A25: 4 | E25: 4 | I25: 4
A26: =UPPER(Ustawienia!$A$17) | E26: =UPPER(Ustawienia!$A$17) | I26: =UPPER(Ustawienia!$A$17)
A27: 1 | E27: 1 | I27: 1
A28: 2 | E28: 2 | I28: 2
A29: 3 | E29: 3 | I29: 3
A30: 4 | E30: 4 | I30: 4
A31: =UPPER(Ustawienia!$A$18) | E31: =UPPER(Ustawienia!$A$18) | I31: =UPPER(Ustawienia!$A$18)
A32: 1 | E32: 1 | I32: 1
A33: 2 | E33: 2 | I33: 2
A34: 3 | E34: 3 | I34: 3
A35: 4 | E35: 4 | I35: 4
A36: 5 | E36: 5 | I36: 5
A38: Sporządził: ______________________ | C38: Podpis specjalisty zmiany: ________________ | E38: Sporządził: ______________________ | G38: Podpis specjalisty zmiany: ________________ | I38: Sporządził: ______________________ | K38: Podpis specjalisty zmiany: ________________

Sheet 24
A1: ROZPISKA WÓZKÓW | C1: =IF(24<=DniMiesiaca,DATE(Rok,Miesiac,24),"") | D1: =IF(C1="","(brak dnia 24 w tym miesiącu)",CHOOSE(WEEKDAY(C1,2),"poniedziałek","wtorek","środa","czwartek","piątek","sobota","niedziela")) | E1: ROZPISKA WÓZKÓW | G1: =$C$1 | H1: =IF(G1="","(brak dnia 24 w tym miesiącu)",CHOOSE(WEEKDAY(G1,2),"poniedziałek","wtorek","środa","czwartek","piątek","sobota","niedziela")) | I1: ROZPISKA WÓZKÓW | K1: =$C$1 | L1: =IF(K1="","(brak dnia 24 w tym miesiącu)",CHOOSE(WEEKDAY(K1,2),"poniedziałek","wtorek","środa","czwartek","piątek","sobota","niedziela"))
A2: ="ZMIANA "&Ustawienia!$A$8 | C2: =Ustawienia!$B$8&"" | E2: ="ZMIANA "&Ustawienia!$A$9 | G2: =Ustawienia!$B$9&"" | I2: ="ZMIANA "&Ustawienia!$A$10 | K2: =Ustawienia!$B$10&""
A3: Specjalista zmiany: | E3: Specjalista zmiany: | I3: Specjalista zmiany:
A4: Lp | B4: Imię i nazwisko | C4: Wózek | D4: Uwagi | E4: Lp | F4: Imię i nazwisko | G4: Wózek | H4: Uwagi | I4: Lp | J4: Imię i nazwisko | K4: Wózek | L4: Uwagi
A5: =UPPER(Ustawienia!$A$14) | E5: =UPPER(Ustawienia!$A$14) | I5: =UPPER(Ustawienia!$A$14)
A6: 1 | E6: 1 | I6: 1
A7: 2 | E7: 2 | I7: 2
A8: 3 | E8: 3 | I8: 3
A9: 4 | E9: 4 | I9: 4
A10: 5 | E10: 5 | I10: 5
A11: 6 | E11: 6 | I11: 6
A12: =UPPER(Ustawienia!$A$15) | E12: =UPPER(Ustawienia!$A$15) | I12: =UPPER(Ustawienia!$A$15)
A13: 1 | E13: 1 | I13: 1
A14: 2 | E14: 2 | I14: 2
A15: 3 | E15: 3 | I15: 3
A16: 4 | E16: 4 | I16: 4
A17: 5 | E17: 5 | I17: 5
A18: 6 | E18: 6 | I18: 6
A19: 7 | E19: 7 | I19: 7
A20: 8 | E20: 8 | I20: 8
A21: =UPPER(Ustawienia!$A$16) | E21: =UPPER(Ustawienia!$A$16) | I21: =UPPER(Ustawienia!$A$16)
A22: 1 | E22: 1 | I22: 1
A23: 2 | E23: 2 | I23: 2
A24: 3 | E24: 3 | I24: 3
A25: 4 | E25: 4 | I25: 4
A26: =UPPER(Ustawienia!$A$17) | E26: =UPPER(Ustawienia!$A$17) | I26: =UPPER(Ustawienia!$A$17)
A27: 1 | E27: 1 | I27: 1
A28: 2 | E28: 2 | I28: 2
A29: 3 | E29: 3 | I29: 3
A30: 4 | E30: 4 | I30: 4
A31: =UPPER(Ustawienia!$A$18) | E31: =UPPER(Ustawienia!$A$18) | I31: =UPPER(Ustawienia!$A$18)
A32: 1 | E32: 1 | I32: 1
A33: 2 | E33: 2 | I33: 2
A34: 3 | E34: 3 | I34: 3
A35: 4 | E35: 4 | I35: 4
A36: 5 | E36: 5 | I36: 5
A38: Sporządził: ______________________ | C38: Podpis specjalisty zmiany: ________________ | E38: Sporządził: ______________________ | G38: Podpis specjalisty zmiany: ________________ | I38: Sporządził: ______________________ | K38: Podpis specjalisty zmiany: ________________

Sheet 25
A1: ROZPISKA WÓZKÓW | C1: =IF(25<=DniMiesiaca,DATE(Rok,Miesiac,25),"") | D1: =IF(C1="","(brak dnia 25 w tym miesiącu)",CHOOSE(WEEKDAY(C1,2),"poniedziałek","wtorek","środa","czwartek","piątek","sobota","niedziela")) | E1: ROZPISKA WÓZKÓW | G1: =$C$1 | H1: =IF(G1="","(brak dnia 25 w tym miesiącu)",CHOOSE(WEEKDAY(G1,2),"poniedziałek","wtorek","środa","czwartek","piątek","sobota","niedziela")) | I1: ROZPISKA WÓZKÓW | K1: =$C$1 | L1: =IF(K1="","(brak dnia 25 w tym miesiącu)",CHOOSE(WEEKDAY(K1,2),"poniedziałek","wtorek","środa","czwartek","piątek","sobota","niedziela"))
A2: ="ZMIANA "&Ustawienia!$A$8 | C2: =Ustawienia!$B$8&"" | E2: ="ZMIANA "&Ustawienia!$A$9 | G2: =Ustawienia!$B$9&"" | I2: ="ZMIANA "&Ustawienia!$A$10 | K2: =Ustawienia!$B$10&""
A3: Specjalista zmiany: | E3: Specjalista zmiany: | I3: Specjalista zmiany:
A4: Lp | B4: Imię i nazwisko | C4: Wózek | D4: Uwagi | E4: Lp | F4: Imię i nazwisko | G4: Wózek | H4: Uwagi | I4: Lp | J4: Imię i nazwisko | K4: Wózek | L4: Uwagi
A5: =UPPER(Ustawienia!$A$14) | E5: =UPPER(Ustawienia!$A$14) | I5: =UPPER(Ustawienia!$A$14)
A6: 1 | E6: 1 | I6: 1
A7: 2 | E7: 2 | I7: 2
A8: 3 | E8: 3 | I8: 3
A9: 4 | E9: 4 | I9: 4
A10: 5 | E10: 5 | I10: 5
A11: 6 | E11: 6 | I11: 6
A12: =UPPER(Ustawienia!$A$15) | E12: =UPPER(Ustawienia!$A$15) | I12: =UPPER(Ustawienia!$A$15)
A13: 1 | E13: 1 | I13: 1
A14: 2 | E14: 2 | I14: 2
A15: 3 | E15: 3 | I15: 3
A16: 4 | E16: 4 | I16: 4
A17: 5 | E17: 5 | I17: 5
A18: 6 | E18: 6 | I18: 6
A19: 7 | E19: 7 | I19: 7
A20: 8 | E20: 8 | I20: 8
A21: =UPPER(Ustawienia!$A$16) | E21: =UPPER(Ustawienia!$A$16) | I21: =UPPER(Ustawienia!$A$16)
A22: 1 | E22: 1 | I22: 1
A23: 2 | E23: 2 | I23: 2
A24: 3 | E24: 3 | I24: 3
A25: 4 | E25: 4 | I25: 4
A26: =UPPER(Ustawienia!$A$17) | E26: =UPPER(Ustawienia!$A$17) | I26: =UPPER(Ustawienia!$A$17)
A27: 1 | E27: 1 | I27: 1
A28: 2 | E28: 2 | I28: 2
A29: 3 | E29: 3 | I29: 3
A30: 4 | E30: 4 | I30: 4
A31: =UPPER(Ustawienia!$A$18) | E31: =UPPER(Ustawienia!$A$18) | I31: =UPPER(Ustawienia!$A$18)
A32: 1 | E32: 1 | I32: 1
A33: 2 | E33: 2 | I33: 2
A34: 3 | E34: 3 | I34: 3
A35: 4 | E35: 4 | I35: 4
A36: 5 | E36: 5 | I36: 5
A38: Sporządził: ______________________ | C38: Podpis specjalisty zmiany: ________________ | E38: Sporządził: ______________________ | G38: Podpis specjalisty zmiany: ________________ | I38: Sporządził: ______________________ | K38: Podpis specjalisty zmiany: ________________

Sheet 26
A1: ROZPISKA WÓZKÓW | C1: =IF(26<=DniMiesiaca,DATE(Rok,Miesiac,26),"") | D1: =IF(C1="","(brak dnia 26 w tym miesiącu)",CHOOSE(WEEKDAY(C1,2),"poniedziałek","wtorek","środa","czwartek","piątek","sobota","niedziela")) | E1: ROZPISKA WÓZKÓW | G1: =$C$1 | H1: =IF(G1="","(brak dnia 26 w tym miesiącu)",CHOOSE(WEEKDAY(G1,2),"poniedziałek","wtorek","środa","czwartek","piątek","sobota","niedziela")) | I1: ROZPISKA WÓZKÓW | K1: =$C$1 | L1: =IF(K1="","(brak dnia 26 w tym miesiącu)",CHOOSE(WEEKDAY(K1,2),"poniedziałek","wtorek","środa","czwartek","piątek","sobota","niedziela"))
A2: ="ZMIANA "&Ustawienia!$A$8 | C2: =Ustawienia!$B$8&"" | E2: ="ZMIANA "&Ustawienia!$A$9 | G2: =Ustawienia!$B$9&"" | I2: ="ZMIANA "&Ustawienia!$A$10 | K2: =Ustawienia!$B$10&""
A3: Specjalista zmiany: | E3: Specjalista zmiany: | I3: Specjalista zmiany:
A4: Lp | B4: Imię i nazwisko | C4: Wózek | D4: Uwagi | E4: Lp | F4: Imię i nazwisko | G4: Wózek | H4: Uwagi | I4: Lp | J4: Imię i nazwisko | K4: Wózek | L4: Uwagi
A5: =UPPER(Ustawienia!$A$14) | E5: =UPPER(Ustawienia!$A$14) | I5: =UPPER(Ustawienia!$A$14)
A6: 1 | E6: 1 | I6: 1
A7: 2 | E7: 2 | I7: 2
A8: 3 | E8: 3 | I8: 3
A9: 4 | E9: 4 | I9: 4
A10: 5 | E10: 5 | I10: 5
A11: 6 | E11: 6 | I11: 6
A12: =UPPER(Ustawienia!$A$15) | E12: =UPPER(Ustawienia!$A$15) | I12: =UPPER(Ustawienia!$A$15)
A13: 1 | E13: 1 | I13: 1
A14: 2 | E14: 2 | I14: 2
A15: 3 | E15: 3 | I15: 3
A16: 4 | E16: 4 | I16: 4
A17: 5 | E17: 5 | I17: 5
A18: 6 | E18: 6 | I18: 6
A19: 7 | E19: 7 | I19: 7
A20: 8 | E20: 8 | I20: 8
A21: =UPPER(Ustawienia!$A$16) | E21: =UPPER(Ustawienia!$A$16) | I21: =UPPER(Ustawienia!$A$16)
A22: 1 | E22: 1 | I22: 1
A23: 2 | E23: 2 | I23: 2
A24: 3 | E24: 3 | I24: 3
A25: 4 | E25: 4 | I25: 4
A26: =UPPER(Ustawienia!$A$17) | E26: =UPPER(Ustawienia!$A$17) | I26: =UPPER(Ustawienia!$A$17)
A27: 1 | E27: 1 | I27: 1
A28: 2 | E28: 2 | I28: 2
A29: 3 | E29: 3 | I29: 3
A30: 4 | E30: 4 | I30: 4
A31: =UPPER(Ustawienia!$A$18) | E31: =UPPER(Ustawienia!$A$18) | I31: =UPPER(Ustawienia!$A$18)
A32: 1 | E32: 1 | I32: 1
A33: 2 | E33: 2 | I33: 2
A34: 3 | E34: 3 | I34: 3
A35: 4 | E35: 4 | I35: 4
A36: 5 | E36: 5 | I36: 5
A38: Sporządził: ______________________ | C38: Podpis specjalisty zmiany: ________________ | E38: Sporządził: ______________________ | G38: Podpis specjalisty zmiany: ________________ | I38: Sporządził: ______________________ | K38: Podpis specjalisty zmiany: ________________

Sheet 27
A1: ROZPISKA WÓZKÓW | C1: =IF(27<=DniMiesiaca,DATE(Rok,Miesiac,27),"") | D1: =IF(C1="","(brak dnia 27 w tym miesiącu)",CHOOSE(WEEKDAY(C1,2),"poniedziałek","wtorek","środa","czwartek","piątek","sobota","niedziela")) | E1: ROZPISKA WÓZKÓW | G1: =$C$1 | H1: =IF(G1="","(brak dnia 27 w tym miesiącu)",CHOOSE(WEEKDAY(G1,2),"poniedziałek","wtorek","środa","czwartek","piątek","sobota","niedziela")) | I1: ROZPISKA WÓZKÓW | K1: =$C$1 | L1: =IF(K1="","(brak dnia 27 w tym miesiącu)",CHOOSE(WEEKDAY(K1,2),"poniedziałek","wtorek","środa","czwartek","piątek","sobota","niedziela"))
A2: ="ZMIANA "&Ustawienia!$A$8 | C2: =Ustawienia!$B$8&"" | E2: ="ZMIANA "&Ustawienia!$A$9 | G2: =Ustawienia!$B$9&"" | I2: ="ZMIANA "&Ustawienia!$A$10 | K2: =Ustawienia!$B$10&""
A3: Specjalista zmiany: | E3: Specjalista zmiany: | I3: Specjalista zmiany:
A4: Lp | B4: Imię i nazwisko | C4: Wózek | D4: Uwagi | E4: Lp | F4: Imię i nazwisko | G4: Wózek | H4: Uwagi | I4: Lp | J4: Imię i nazwisko | K4: Wózek | L4: Uwagi
A5: =UPPER(Ustawienia!$A$14) | E5: =UPPER(Ustawienia!$A$14) | I5: =UPPER(Ustawienia!$A$14)
A6: 1 | E6: 1 | I6: 1
A7: 2 | E7: 2 | I7: 2
A8: 3 | E8: 3 | I8: 3
A9: 4 | E9: 4 | I9: 4
A10: 5 | E10: 5 | I10: 5
A11: 6 | E11: 6 | I11: 6
A12: =UPPER(Ustawienia!$A$15) | E12: =UPPER(Ustawienia!$A$15) | I12: =UPPER(Ustawienia!$A$15)
A13: 1 | E13: 1 | I13: 1
A14: 2 | E14: 2 | I14: 2
A15: 3 | E15: 3 | I15: 3
A16: 4 | E16: 4 | I16: 4
A17: 5 | E17: 5 | I17: 5
A18: 6 | E18: 6 | I18: 6
A19: 7 | E19: 7 | I19: 7
A20: 8 | E20: 8 | I20: 8
A21: =UPPER(Ustawienia!$A$16) | E21: =UPPER(Ustawienia!$A$16) | I21: =UPPER(Ustawienia!$A$16)
A22: 1 | E22: 1 | I22: 1
A23: 2 | E23: 2 | I23: 2
A24: 3 | E24: 3 | I24: 3
A25: 4 | E25: 4 | I25: 4
A26: =UPPER(Ustawienia!$A$17) | E26: =UPPER(Ustawienia!$A$17) | I26: =UPPER(Ustawienia!$A$17)
A27: 1 | E27: 1 | I27: 1
A28: 2 | E28: 2 | I28: 2
A29: 3 | E29: 3 | I29: 3
A30: 4 | E30: 4 | I30: 4
A31: =UPPER(Ustawienia!$A$18) | E31: =UPPER(Ustawienia!$A$18) | I31: =UPPER(Ustawienia!$A$18)
A32: 1 | E32: 1 | I32: 1
A33: 2 | E33: 2 | I33: 2
A34: 3 | E34: 3 | I34: 3
A35: 4 | E35: 4 | I35: 4
A36: 5 | E36: 5 | I36: 5
A38: Sporządził: ______________________ | C38: Podpis specjalisty zmiany: ________________ | E38: Sporządził: ______________________ | G38: Podpis specjalisty zmiany: ________________ | I38: Sporządził: ______________________ | K38: Podpis specjalisty zmiany: ________________

Sheet 28
A1: ROZPISKA WÓZKÓW | C1: =IF(28<=DniMiesiaca,DATE(Rok,Miesiac,28),"") | D1: =IF(C1="","(brak dnia 28 w tym miesiącu)",CHOOSE(WEEKDAY(C1,2),"poniedziałek","wtorek","środa","czwartek","piątek","sobota","niedziela")) | E1: ROZPISKA WÓZKÓW | G1: =$C$1 | H1: =IF(G1="","(brak dnia 28 w tym miesiącu)",CHOOSE(WEEKDAY(G1,2),"poniedziałek","wtorek","środa","czwartek","piątek","sobota","niedziela")) | I1: ROZPISKA WÓZKÓW | K1: =$C$1 | L1: =IF(K1="","(brak dnia 28 w tym miesiącu)",CHOOSE(WEEKDAY(K1,2),"poniedziałek","wtorek","środa","czwartek","piątek","sobota","niedziela"))
A2: ="ZMIANA "&Ustawienia!$A$8 | C2: =Ustawienia!$B$8&"" | E2: ="ZMIANA "&Ustawienia!$A$9 | G2: =Ustawienia!$B$9&"" | I2: ="ZMIANA "&Ustawienia!$A$10 | K2: =Ustawienia!$B$10&""
A3: Specjalista zmiany: | E3: Specjalista zmiany: | I3: Specjalista zmiany:
A4: Lp | B4: Imię i nazwisko | C4: Wózek | D4: Uwagi | E4: Lp | F4: Imię i nazwisko | G4: Wózek | H4: Uwagi | I4: Lp | J4: Imię i nazwisko | K4: Wózek | L4: Uwagi
A5: =UPPER(Ustawienia!$A$14) | E5: =UPPER(Ustawienia!$A$14) | I5: =UPPER(Ustawienia!$A$14)
A6: 1 | E6: 1 | I6: 1
A7: 2 | E7: 2 | I7: 2
A8: 3 | E8: 3 | I8: 3
A9: 4 | E9: 4 | I9: 4
A10: 5 | E10: 5 | I10: 5
A11: 6 | E11: 6 | I11: 6
A12: =UPPER(Ustawienia!$A$15) | E12: =UPPER(Ustawienia!$A$15) | I12: =UPPER(Ustawienia!$A$15)
A13: 1 | E13: 1 | I13: 1
A14: 2 | E14: 2 | I14: 2
A15: 3 | E15: 3 | I15: 3
A16: 4 | E16: 4 | I16: 4
A17: 5 | E17: 5 | I17: 5
A18: 6 | E18: 6 | I18: 6
A19: 7 | E19: 7 | I19: 7
A20: 8 | E20: 8 | I20: 8
A21: =UPPER(Ustawienia!$A$16) | E21: =UPPER(Ustawienia!$A$16) | I21: =UPPER(Ustawienia!$A$16)
A22: 1 | E22: 1 | I22: 1
A23: 2 | E23: 2 | I23: 2
A24: 3 | E24: 3 | I24: 3
A25: 4 | E25: 4 | I25: 4
A26: =UPPER(Ustawienia!$A$17) | E26: =UPPER(Ustawienia!$A$17) | I26: =UPPER(Ustawienia!$A$17)
A27: 1 | E27: 1 | I27: 1
A28: 2 | E28: 2 | I28: 2
A29: 3 | E29: 3 | I29: 3
A30: 4 | E30: 4 | I30: 4
A31: =UPPER(Ustawienia!$A$18) | E31: =UPPER(Ustawienia!$A$18) | I31: =UPPER(Ustawienia!$A$18)
A32: 1 | E32: 1 | I32: 1
A33: 2 | E33: 2 | I33: 2
A34: 3 | E34: 3 | I34: 3
A35: 4 | E35: 4 | I35: 4
A36: 5 | E36: 5 | I36: 5
A38: Sporządził: ______________________ | C38: Podpis specjalisty zmiany: ________________ | E38: Sporządził: ______________________ | G38: Podpis specjalisty zmiany: ________________ | I38: Sporządził: ______________________ | K38: Podpis specjalisty zmiany: ________________

Sheet 29
A1: ROZPISKA WÓZKÓW | C1: =IF(29<=DniMiesiaca,DATE(Rok,Miesiac,29),"") | D1: =IF(C1="","(brak dnia 29 w tym miesiącu)",CHOOSE(WEEKDAY(C1,2),"poniedziałek","wtorek","środa","czwartek","piątek","sobota","niedziela")) | E1: ROZPISKA WÓZKÓW | G1: =$C$1 | H1: =IF(G1="","(brak dnia 29 w tym miesiącu)",CHOOSE(WEEKDAY(G1,2),"poniedziałek","wtorek","środa","czwartek","piątek","sobota","niedziela")) | I1: ROZPISKA WÓZKÓW | K1: =$C$1 | L1: =IF(K1="","(brak dnia 29 w tym miesiącu)",CHOOSE(WEEKDAY(K1,2),"poniedziałek","wtorek","środa","czwartek","piątek","sobota","niedziela"))
A2: ="ZMIANA "&Ustawienia!$A$8 | C2: =Ustawienia!$B$8&"" | E2: ="ZMIANA "&Ustawienia!$A$9 | G2: =Ustawienia!$B$9&"" | I2: ="ZMIANA "&Ustawienia!$A$10 | K2: =Ustawienia!$B$10&""
A3: Specjalista zmiany: | E3: Specjalista zmiany: | I3: Specjalista zmiany:
A4: Lp | B4: Imię i nazwisko | C4: Wózek | D4: Uwagi | E4: Lp | F4: Imię i nazwisko | G4: Wózek | H4: Uwagi | I4: Lp | J4: Imię i nazwisko | K4: Wózek | L4: Uwagi
A5: =UPPER(Ustawienia!$A$14) | E5: =UPPER(Ustawienia!$A$14) | I5: =UPPER(Ustawienia!$A$14)
A6: 1 | E6: 1 | I6: 1
A7: 2 | E7: 2 | I7: 2
A8: 3 | E8: 3 | I8: 3
A9: 4 | E9: 4 | I9: 4
A10: 5 | E10: 5 | I10: 5
A11: 6 | E11: 6 | I11: 6
A12: =UPPER(Ustawienia!$A$15) | E12: =UPPER(Ustawienia!$A$15) | I12: =UPPER(Ustawienia!$A$15)
A13: 1 | E13: 1 | I13: 1
A14: 2 | E14: 2 | I14: 2
A15: 3 | E15: 3 | I15: 3
A16: 4 | E16: 4 | I16: 4
A17: 5 | E17: 5 | I17: 5
A18: 6 | E18: 6 | I18: 6
A19: 7 | E19: 7 | I19: 7
A20: 8 | E20: 8 | I20: 8
A21: =UPPER(Ustawienia!$A$16) | E21: =UPPER(Ustawienia!$A$16) | I21: =UPPER(Ustawienia!$A$16)
A22: 1 | E22: 1 | I22: 1
A23: 2 | E23: 2 | I23: 2
A24: 3 | E24: 3 | I24: 3
A25: 4 | E25: 4 | I25: 4
A26: =UPPER(Ustawienia!$A$17) | E26: =UPPER(Ustawienia!$A$17) | I26: =UPPER(Ustawienia!$A$17)
A27: 1 | E27: 1 | I27: 1
A28: 2 | E28: 2 | I28: 2
A29: 3 | E29: 3 | I29: 3
A30: 4 | E30: 4 | I30: 4
A31: =UPPER(Ustawienia!$A$18) | E31: =UPPER(Ustawienia!$A$18) | I31: =UPPER(Ustawienia!$A$18)
A32: 1 | E32: 1 | I32: 1
A33: 2 | E33: 2 | I33: 2
A34: 3 | E34: 3 | I34: 3
A35: 4 | E35: 4 | I35: 4
A36: 5 | E36: 5 | I36: 5
A38: Sporządził: ______________________ | C38: Podpis specjalisty zmiany: ________________ | E38: Sporządził: ______________________ | G38: Podpis specjalisty zmiany: ________________ | I38: Sporządził: ______________________ | K38: Podpis specjalisty zmiany: ________________

Sheet 30
A1: ROZPISKA WÓZKÓW | C1: =IF(30<=DniMiesiaca,DATE(Rok,Miesiac,30),"") | D1: =IF(C1="","(brak dnia 30 w tym miesiącu)",CHOOSE(WEEKDAY(C1,2),"poniedziałek","wtorek","środa","czwartek","piątek","sobota","niedziela")) | E1: ROZPISKA WÓZKÓW | G1: =$C$1 | H1: =IF(G1="","(brak dnia 30 w tym miesiącu)",CHOOSE(WEEKDAY(G1,2),"poniedziałek","wtorek","środa","czwartek","piątek","sobota","niedziela")) | I1: ROZPISKA WÓZKÓW | K1: =$C$1 | L1: =IF(K1="","(brak dnia 30 w tym miesiącu)",CHOOSE(WEEKDAY(K1,2),"poniedziałek","wtorek","środa","czwartek","piątek","sobota","niedziela"))
A2: ="ZMIANA "&Ustawienia!$A$8 | C2: =Ustawienia!$B$8&"" | E2: ="ZMIANA "&Ustawienia!$A$9 | G2: =Ustawienia!$B$9&"" | I2: ="ZMIANA "&Ustawienia!$A$10 | K2: =Ustawienia!$B$10&""
A3: Specjalista zmiany: | E3: Specjalista zmiany: | I3: Specjalista zmiany:
A4: Lp | B4: Imię i nazwisko | C4: Wózek | D4: Uwagi | E4: Lp | F4: Imię i nazwisko | G4: Wózek | H4: Uwagi | I4: Lp | J4: Imię i nazwisko | K4: Wózek | L4: Uwagi
A5: =UPPER(Ustawienia!$A$14) | E5: =UPPER(Ustawienia!$A$14) | I5: =UPPER(Ustawienia!$A$14)
A6: 1 | E6: 1 | I6: 1
A7: 2 | E7: 2 | I7: 2
A8: 3 | E8: 3 | I8: 3
A9: 4 | E9: 4 | I9: 4
A10: 5 | E10: 5 | I10: 5
A11: 6 | E11: 6 | I11: 6
A12: =UPPER(Ustawienia!$A$15) | E12: =UPPER(Ustawienia!$A$15) | I12: =UPPER(Ustawienia!$A$15)
A13: 1 | E13: 1 | I13: 1
A14: 2 | E14: 2 | I14: 2
A15: 3 | E15: 3 | I15: 3
A16: 4 | E16: 4 | I16: 4
A17: 5 | E17: 5 | I17: 5
A18: 6 | E18: 6 | I18: 6
A19: 7 | E19: 7 | I19: 7
A20: 8 | E20: 8 | I20: 8
A21: =UPPER(Ustawienia!$A$16) | E21: =UPPER(Ustawienia!$A$16) | I21: =UPPER(Ustawienia!$A$16)
A22: 1 | E22: 1 | I22: 1
A23: 2 | E23: 2 | I23: 2
A24: 3 | E24: 3 | I24: 3
A25: 4 | E25: 4 | I25: 4
A26: =UPPER(Ustawienia!$A$17) | E26: =UPPER(Ustawienia!$A$17) | I26: =UPPER(Ustawienia!$A$17)
A27: 1 | E27: 1 | I27: 1
A28: 2 | E28: 2 | I28: 2
A29: 3 | E29: 3 | I29: 3
A30: 4 | E30: 4 | I30: 4
A31: =UPPER(Ustawienia!$A$18) | E31: =UPPER(Ustawienia!$A$18) | I31: =UPPER(Ustawienia!$A$18)
A32: 1 | E32: 1 | I32: 1
A33: 2 | E33: 2 | I33: 2
A34: 3 | E34: 3 | I34: 3
A35: 4 | E35: 4 | I35: 4
A36: 5 | E36: 5 | I36: 5
A38: Sporządził: ______________________ | C38: Podpis specjalisty zmiany: ________________ | E38: Sporządził: ______________________ | G38: Podpis specjalisty zmiany: ________________ | I38: Sporządził: ______________________ | K38: Podpis specjalisty zmiany: ________________

Sheet 31
A1: ROZPISKA WÓZKÓW | C1: =IF(31<=DniMiesiaca,DATE(Rok,Miesiac,31),"") | D1: =IF(C1="","(brak dnia 31 w tym miesiącu)",CHOOSE(WEEKDAY(C1,2),"poniedziałek","wtorek","środa","czwartek","piątek","sobota","niedziela")) | E1: ROZPISKA WÓZKÓW | G1: =$C$1 | H1: =IF(G1="","(brak dnia 31 w tym miesiącu)",CHOOSE(WEEKDAY(G1,2),"poniedziałek","wtorek","środa","czwartek","piątek","sobota","niedziela")) | I1: ROZPISKA WÓZKÓW | K1: =$C$1 | L1: =IF(K1="","(brak dnia 31 w tym miesiącu)",CHOOSE(WEEKDAY(K1,2),"poniedziałek","wtorek","środa","czwartek","piątek","sobota","niedziela"))
A2: ="ZMIANA "&Ustawienia!$A$8 | C2: =Ustawienia!$B$8&"" | E2: ="ZMIANA "&Ustawienia!$A$9 | G2: =Ustawienia!$B$9&"" | I2: ="ZMIANA "&Ustawienia!$A$10 | K2: =Ustawienia!$B$10&""
A3: Specjalista zmiany: | E3: Specjalista zmiany: | I3: Specjalista zmiany:
A4: Lp | B4: Imię i nazwisko | C4: Wózek | D4: Uwagi | E4: Lp | F4: Imię i nazwisko | G4: Wózek | H4: Uwagi | I4: Lp | J4: Imię i nazwisko | K4: Wózek | L4: Uwagi
A5: =UPPER(Ustawienia!$A$14) | E5: =UPPER(Ustawienia!$A$14) | I5: =UPPER(Ustawienia!$A$14)
A6: 1 | E6: 1 | I6: 1
A7: 2 | E7: 2 | I7: 2
A8: 3 | E8: 3 | I8: 3
A9: 4 | E9: 4 | I9: 4
A10: 5 | E10: 5 | I10: 5
A11: 6 | E11: 6 | I11: 6
A12: =UPPER(Ustawienia!$A$15) | E12: =UPPER(Ustawienia!$A$15) | I12: =UPPER(Ustawienia!$A$15)
A13: 1 | E13: 1 | I13: 1
A14: 2 | E14: 2 | I14: 2
A15: 3 | E15: 3 | I15: 3
A16: 4 | E16: 4 | I16: 4
A17: 5 | E17: 5 | I17: 5
A18: 6 | E18: 6 | I18: 6
A19: 7 | E19: 7 | I19: 7
A20: 8 | E20: 8 | I20: 8
A21: =UPPER(Ustawienia!$A$16) | E21: =UPPER(Ustawienia!$A$16) | I21: =UPPER(Ustawienia!$A$16)
A22: 1 | E22: 1 | I22: 1
A23: 2 | E23: 2 | I23: 2
A24: 3 | E24: 3 | I24: 3
A25: 4 | E25: 4 | I25: 4
A26: =UPPER(Ustawienia!$A$17) | E26: =UPPER(Ustawienia!$A$17) | I26: =UPPER(Ustawienia!$A$17)
A27: 1 | E27: 1 | I27: 1
A28: 2 | E28: 2 | I28: 2
A29: 3 | E29: 3 | I29: 3
A30: 4 | E30: 4 | I30: 4
A31: =UPPER(Ustawienia!$A$18) | E31: =UPPER(Ustawienia!$A$18) | I31: =UPPER(Ustawienia!$A$18)
A32: 1 | E32: 1 | I32: 1
A33: 2 | E33: 2 | I33: 2
A34: 3 | E34: 3 | I34: 3
A35: 4 | E35: 4 | I35: 4
A36: 5 | E36: 5 | I36: 5
A38: Sporządził: ______________________ | C38: Podpis specjalisty zmiany: ________________ | E38: Sporządził: ______________________ | G38: Podpis specjalisty zmiany: ________________ | I38: Sporządził: ______________________ | K38: Podpis specjalisty zmiany: ________________

Sheet Pracownicy
A1: Imię i nazwisko | B1: Dział | D1: Przykładowe wpisy: zastąp je własną listą (można wkleić kolumny z Excela). Bez pustych wierszy w środku listy.
A2: KOWALSKI JAN | B2: opakowania
A3: NOWAK ANNA | B3: strefa
A4: WIŚNIEWSKI PIOTR | B4: biuro

Sheet Wózki
A1: Nr wózka | B1: Typ | D1: Przykładowe wpisy: zastąp je własną listą (można wkleić kolumny z Excela). Bez pustych wierszy w środku listy.
A2: 101 | B2: Czołowy
A3: 102 | B3: Wysoki skład
A4: 105 | B4: Paleciak elektryczny
A5: 110 | B5: Kompletacyjny

Sheet Ustawienia
A1: Ustawienia
A3: Rok | B3: 2026 | C3: ← wpisz rok i miesiąc: arkusze 1–31 pokażą daty tego miesiąca | D3: Rodzaje uderzeń | F3: Co uszkodzone | H3: Kiedy powstało | J3: Status | K3: Otwarte? | M3: TAK / NIE
A4: Miesiąc (1–12) | B4: 10 | D4: Uderzenie w regał | F4: Widły / platforma | H4: Zgłoszone przez sprawcę | J4: Zgłoszona | K4: TAK | M4: TAK
A5: Dni w miesiącu | B5: =DAY(EOMONTH(DATE(B3,B4,1),0)) | D5: Uderzenie w bramę / drzwi | F5: Maszt / łańcuchy / hydraulika | H5: Zastane przy przejęciu | J5: W naprawie | K5: TAK | M5: NIE
D6: Uderzenie w ścianę / słup | F6: Hamulce | J6: Czeka na części | K6: TAK
A7: Zmiana | B7: Godziny | D7: Kolizja z innym wózkiem | F7: Układ kierowniczy | J7: Naprawiona | K7: NIE
A8: I | B8: 06:00–14:00 | D8: Uderzenie w paletę / ładunek | F8: Koła / opony | J8: Bez naprawy | K8: NIE
A9: II | B9: 14:00–22:00 | D9: Najechanie na przeszkodę / próg | F9: Oświetlenie / sygnał
A10: III | B10: 22:00–06:00 | D10: Inne | F10: Pas / kabina
F11: Akumulator / ładowanie
F12: Obudowa / osłony
A13: Stanowisko | B13: Liczba wierszy | F13: Inne
A14: Rozładunek zwrotów | B14: 6
A15: Sprawdzanie zwrotów | B15: 8
A16: Opakowania | B16: 4
A17: Zadania dodatkowe | B17: 4
A18: Biuro | B18: 5
A20: Nazwy zmian i stanowisk możesz zmienić; liczba wierszy na stanowisku jest stała (taka jak w aplikacji).

Sheet Dane rozpisek
A1: Data | B1: Zmiana | C1: Stanowisko | D1: Lp | E1: Imię i nazwisko | F1: Wózek | G1: Uwagi | H1: Klucz wózek|data | I1: Klucz historii | J1: Godziny | K1: Usterek (dzień / następny) | L1: Usterki (dzień / następny) | M1: Arkusz | O1: Arkusz pomocniczy: zbiera wszystkie dni z arkuszy 1–31. Nie wpisuj tu nic.
A2: =IF('1'!$C$1="","",'1'!$C$1) | B2: =Ustawienia!$A$8&"" | C2: =Ustawienia!$A$14&"" | D2: 1 | E2: =IF('1'!B6="","",TRIM('1'!B6&"")) | F2: =IF('1'!C6="","",'1'!C6) | G2: ='1'!D6&"" | H2: =IF(OR(A2="",F2=""),"",F2&"|"&A2) | I2: =IF(AND(H2<>"",OR('Historia wózka'!$B$4="",F2='Historia wózka'!$B$4),A2>='Historia wózka'!$B$5,A2<='Historia wózka'!$B$6),A2+0.9+(5000-ROW())/10000000,0) | J2: =Ustawienia!$B$8&"" | K2: =IF(H2="","",COUNTIFS('Zgłoszenia'!$B$5:$B$504,F2,'Zgłoszenia'!$D$5:$D$504,">="&A2,'Zgłoszenia'!$D$5:$D$504,"<="&(A2+1))) | L2: =IF(OR(H2="",K2=0),"—",IF(ISNUMBER(MATCH(H2,'Zgłoszenia'!$S$5:$S$504,0)),RIGHT("0"&DAY(A2),2)&"."&RIGHT("0"&MONTH(A2),2)&"."&YEAR(A2)&": "&INDEX('Zgłoszenia'!$H$5:$H$504,MATCH(H2,'Zgłoszenia'!$S$5:$S$504,0)),RIGHT("0"&DAY((A2+1)),2)&"."&RIGHT("0"&MONTH((A2+1)),2)&"."&YEAR((A2+1))&": "&INDEX('Zgłoszenia'!$H$5:$H$504,MATCH(F2&"|"&(A2+1),'Zgłoszenia'!$S$5:$S$504,0)))&IF(K2>1," (+"&(K2-1)&")","")) | M2: 1
A3: =IF('1'!$C$1="","",'1'!$C$1) | B3: =Ustawienia!$A$8&"" | C3: =Ustawienia!$A$14&"" | D3: 2 | E3: =IF('1'!B7="","",TRIM('1'!B7&"")) | F3: =IF('1'!C7="","",'1'!C7) | G3: ='1'!D7&"" | H3: =IF(OR(A3="",F3=""),"",F3&"|"&A3) | I3: =IF(AND(H3<>"",OR('Historia wózka'!$B$4="",F3='Historia wózka'!$B$4),A3>='Historia wózka'!$B$5,A3<='Historia wózka'!$B$6),A3+0.9+(5000-ROW())/10000000,0) | J3: =Ustawienia!$B$8&"" | K3: =IF(H3="","",COUNTIFS('Zgłoszenia'!$B$5:$B$504,F3,'Zgłoszenia'!$D$5:$D$504,">="&A3,'Zgłoszenia'!$D$5:$D$504,"<="&(A3+1))) | L3: =IF(OR(H3="",K3=0),"—",IF(ISNUMBER(MATCH(H3,'Zgłoszenia'!$S$5:$S$504,0)),RIGHT("0"&DAY(A3),2)&"."&RIGHT("0"&MONTH(A3),2)&"."&YEAR(A3)&": "&INDEX('Zgłoszenia'!$H$5:$H$504,MATCH(H3,'Zgłoszenia'!$S$5:$S$504,0)),RIGHT("0"&DAY((A3+1)),2)&"."&RIGHT("0"&MONTH((A3+1)),2)&"."&YEAR((A3+1))&": "&INDEX('Zgłoszenia'!$H$5:$H$504,MATCH(F3&"|"&(A3+1),'Zgłoszenia'!$S$5:$S$504,0)))&IF(K3>1," (+"&(K3-1)&")","")) | M3: 1
A4: =IF('1'!$C$1="","",'1'!$C$1) | B4: =Ustawienia!$A$8&"" | C4: =Ustawienia!$A$14&"" | D4: 3 | E4: =IF('1'!B8="","",TRIM('1'!B8&"")) | F4: =IF('1'!C8="","",'1'!C8) | G4: ='1'!D8&"" | H4: =IF(OR(A4="",F4=""),"",F4&"|"&A4) | I4: =IF(AND(H4<>"",OR('Historia wózka'!$B$4="",F4='Historia wózka'!$B$4),A4>='Historia wózka'!$B$5,A4<='Historia wózka'!$B$6),A4+0.9+(5000-ROW())/10000000,0) | J4: =Ustawienia!$B$8&"" | K4: =IF(H4="","",COUNTIFS('Zgłoszenia'!$B$5:$B$504,F4,'Zgłoszenia'!$D$5:$D$504,">="&A4,'Zgłoszenia'!$D$5:$D$504,"<="&(A4+1))) | L4: =IF(OR(H4="",K4=0),"—",IF(ISNUMBER(MATCH(H4,'Zgłoszenia'!$S$5:$S$504,0)),RIGHT("0"&DAY(A4),2)&"."&RIGHT("0"&MONTH(A4),2)&"."&YEAR(A4)&": "&INDEX('Zgłoszenia'!$H$5:$H$504,MATCH(H4,'Zgłoszenia'!$S$5:$S$504,0)),RIGHT("0"&DAY((A4+1)),2)&"."&RIGHT("0"&MONTH((A4+1)),2)&"."&YEAR((A4+1))&": "&INDEX('Zgłoszenia'!$H$5:$H$504,MATCH(F4&"|"&(A4+1),'Zgłoszenia'!$S$5:$S$504,0)))&IF(K4>1," (+"&(K4-1)&")","")) | M4: 1
A5: =IF('1'!$C$1="","",'1'!$C$1) | B5: =Ustawienia!$A$8&"" | C5: =Ustawienia!$A$14&"" | D5: 4 | E5: =IF('1'!B9="","",TRIM('1'!B9&"")) | F5: =IF('1'!C9="","",'1'!C9) | G5: ='1'!D9&"" | H5: =IF(OR(A5="",F5=""),"",F5&"|"&A5) | I5: =IF(AND(H5<>"",OR('Historia wózka'!$B$4="",F5='Historia wózka'!$B$4),A5>='Historia wózka'!$B$5,A5<='Historia wózka'!$B$6),A5+0.9+(5000-ROW())/10000000,0) | J5: =Ustawienia!$B$8&"" | K5: =IF(H5="","",COUNTIFS('Zgłoszenia'!$B$5:$B$504,F5,'Zgłoszenia'!$D$5:$D$504,">="&A5,'Zgłoszenia'!$D$5:$D$504,"<="&(A5+1))) | L5: =IF(OR(H5="",K5=0),"—",IF(ISNUMBER(MATCH(H5,'Zgłoszenia'!$S$5:$S$504,0)),RIGHT("0"&DAY(A5),2)&"."&RIGHT("0"&MONTH(A5),2)&"."&YEAR(A5)&": "&INDEX('Zgłoszenia'!$H$5:$H$504,MATCH(H5,'Zgłoszenia'!$S$5:$S$504,0)),RIGHT("0"&DAY((A5+1)),2)&"."&RIGHT("0"&MONTH((A5+1)),2)&"."&YEAR((A5+1))&": "&INDEX('Zgłoszenia'!$H$5:$H$504,MATCH(F5&"|"&(A5+1),'Zgłoszenia'!$S$5:$S$504,0)))&IF(K5>1," (+"&(K5-1)&")","")) | M5: 1
A6: =IF('1'!$C$1="","",'1'!$C$1) | B6: =Ustawienia!$A$8&"" | C6: =Ustawienia!$A$14&"" | D6: 5 | E6: =IF('1'!B10="","",TRIM('1'!B10&"")) | F6: =IF('1'!C10="","",'1'!C10) | G6: ='1'!D10&"" | H6: =IF(OR(A6="",F6=""),"",F6&"|"&A6) | I6: =IF(AND(H6<>"",OR('Historia wózka'!$B$4="",F6='Historia wózka'!$B$4),A6>='Historia wózka'!$B$5,A6<='Historia wózka'!$B$6),A6+0.9+(5000-ROW())/10000000,0) | J6: =Ustawienia!$B$8&"" | K6: =IF(H6="","",COUNTIFS('Zgłoszenia'!$B$5:$B$504,F6,'Zgłoszenia'!$D$5:$D$504,">="&A6,'Zgłoszenia'!$D$5:$D$504,"<="&(A6+1))) | L6: =IF(OR(H6="",K6=0),"—",IF(ISNUMBER(MATCH(H6,'Zgłoszenia'!$S$5:$S$504,0)),RIGHT("0"&DAY(A6),2)&"."&RIGHT("0"&MONTH(A6),2)&"."&YEAR(A6)&": "&INDEX('Zgłoszenia'!$H$5:$H$504,MATCH(H6,'Zgłoszenia'!$S$5:$S$504,0)),RIGHT("0"&DAY((A6+1)),2)&"."&RIGHT("0"&MONTH((A6+1)),2)&"."&YEAR((A6+1))&": "&INDEX('Zgłoszenia'!$H$5:$H$504,MATCH(F6&"|"&(A6+1),'Zgłoszenia'!$S$5:$S$504,0)))&IF(K6>1," (+"&(K6-1)&")","")) | M6: 1
A7: =IF('1'!$C$1="","",'1'!$C$1) | B7: =Ustawienia!$A$8&"" | C7: =Ustawienia!$A$14&"" | D7: 6 | E7: =IF('1'!B11="","",TRIM('1'!B11&"")) | F7: =IF('1'!C11="","",'1'!C11) | G7: ='1'!D11&"" | H7: =IF(OR(A7="",F7=""),"",F7&"|"&A7) | I7: =IF(AND(H7<>"",OR('Historia wózka'!$B$4="",F7='Historia wózka'!$B$4),A7>='Historia wózka'!$B$5,A7<='Historia wózka'!$B$6),A7+0.9+(5000-ROW())/10000000,0) | J7: =Ustawienia!$B$8&"" | K7: =IF(H7="","",COUNTIFS('Zgłoszenia'!$B$5:$B$504,F7,'Zgłoszenia'!$D$5:$D$504,">="&A7,'Zgłoszenia'!$D$5:$D$504,"<="&(A7+1))) | L7: =IF(OR(H7="",K7=0),"—",IF(ISNUMBER(MATCH(H7,'Zgłoszenia'!$S$5:$S$504,0)),RIGHT("0"&DAY(A7),2)&"."&RIGHT("0"&MONTH(A7),2)&"."&YEAR(A7)&": "&INDEX('Zgłoszenia'!$H$5:$H$504,MATCH(H7,'Zgłoszenia'!$S$5:$S$504,0)),RIGHT("0"&DAY((A7+1)),2)&"."&RIGHT("0"&MONTH((A7+1)),2)&"."&YEAR((A7+1))&": "&INDEX('Zgłoszenia'!$H$5:$H$504,MATCH(F7&"|"&(A7+1),'Zgłoszenia'!$S$5:$S$504,0)))&IF(K7>1," (+"&(K7-1)&")","")) | M7: 1
A8: =IF('1'!$C$1="","",'1'!$C$1) | B8: =Ustawienia!$A$8&"" | C8: =Ustawienia!$A$15&"" | D8: 1 | E8: =IF('1'!B13="","",TRIM('1'!B13&"")) | F8: =IF('1'!C13="","",'1'!C13) | G8: ='1'!D13&"" | H8: =IF(OR(A8="",F8=""),"",F8&"|"&A8) | I8: =IF(AND(H8<>"",OR('Historia wózka'!$B$4="",F8='Historia wózka'!$B$4),A8>='Historia wózka'!$B$5,A8<='Historia wózka'!$B$6),A8+0.9+(5000-ROW())/10000000,0) | J8: =Ustawienia!$B$8&"" | K8: =IF(H8="","",COUNTIFS('Zgłoszenia'!$B$5:$B$504,F8,'Zgłoszenia'!$D$5:$D$504,">="&A8,'Zgłoszenia'!$D$5:$D$504,"<="&(A8+1))) | L8: =IF(OR(H8="",K8=0),"—",IF(ISNUMBER(MATCH(H8,'Zgłoszenia'!$S$5:$S$504,0)),RIGHT("0"&DAY(A8),2)&"."&RIGHT("0"&MONTH(A8),2)&"."&YEAR(A8)&": "&INDEX('Zgłoszenia'!$H$5:$H$504,MATCH(H8,'Zgłoszenia'!$S$5:$S$504,0)),RIGHT("0"&DAY((A8+1)),2)&"."&RIGHT("0"&MONTH((A8+1)),2)&"."&YEAR((A8+1))&": "&INDEX('Zgłoszenia'!$H$5:$H$504,MATCH(F8&"|"&(A8+1),'Zgłoszenia'!$S$5:$S$504,0)))&IF(K8>1," (+"&(K8-1)&")","")) | M8: 1
A9: =IF('1'!$C$1="","",'1'!$C$1) | B9: =Ustawienia!$A$8&"" | C9: =Ustawienia!$A$15&"" | D9: 2 | E9: =IF('1'!B14="","",TRIM('1'!B14&"")) | F9: =IF('1'!C14="","",'1'!C14) | G9: ='1'!D14&"" | H9: =IF(OR(A9="",F9=""),"",F9&"|"&A9) | I9: =IF(AND(H9<>"",OR('Historia wózka'!$B$4="",F9='Historia wózka'!$B$4),A9>='Historia wózka'!$B$5,A9<='Historia wózka'!$B$6),A9+0.9+(5000-ROW())/10000000,0) | J9: =Ustawienia!$B$8&"" | K9: =IF(H9="","",COUNTIFS('Zgłoszenia'!$B$5:$B$504,F9,'Zgłoszenia'!$D$5:$D$504,">="&A9,'Zgłoszenia'!$D$5:$D$504,"<="&(A9+1))) | L9: =IF(OR(H9="",K9=0),"—",IF(ISNUMBER(MATCH(H9,'Zgłoszenia'!$S$5:$S$504,0)),RIGHT("0"&DAY(A9),2)&"."&RIGHT("0"&MONTH(A9),2)&"."&YEAR(A9)&": "&INDEX('Zgłoszenia'!$H$5:$H$504,MATCH(H9,'Zgłoszenia'!$S$5:$S$504,0)),RIGHT("0"&DAY((A9+1)),2)&"."&RIGHT("0"&MONTH((A9+1)),2)&"."&YEAR((A9+1))&": "&INDEX('Zgłoszenia'!$H$5:$H$504,MATCH(F9&"|"&(A9+1),'Zgłoszenia'!$S$5:$S$504,0)))&IF(K9>1," (+"&(K9-1)&")","")) | M9: 1
A10: =IF('1'!$C$1="","",'1'!$C$1) | B10: =Ustawienia!$A$8&"" | C10: =Ustawienia!$A$15&"" | D10: 3 | E10: =IF('1'!B15="","",TRIM('1'!B15&"")) | F10: =IF('1'!C15="","",'1'!C15) | G10: ='1'!D15&"" | H10: =IF(OR(A10="",F10=""),"",F10&"|"&A10) | I10: =IF(AND(H10<>"",OR('Historia wózka'!$B$4="",F10='Historia wózka'!$B$4),A10>='Historia wózka'!$B$5,A10<='Historia wózka'!$B$6),A10+0.9+(5000-ROW())/10000000,0) | J10: =Ustawienia!$B$8&"" | K10: =IF(H10="","",COUNTIFS('Zgłoszenia'!$B$5:$B$504,F10,'Zgłoszenia'!$D$5:$D$504,">="&A10,'Zgłoszenia'!$D$5:$D$504,"<="&(A10+1))) | L10: =IF(OR(H10="",K10=0),"—",IF(ISNUMBER(MATCH(H10,'Zgłoszenia'!$S$5:$S$504,0)),RIGHT("0"&DAY(A10),2)&"."&RIGHT("0"&MONTH(A10),2)&"."&YEAR(A10)&": "&INDEX('Zgłoszenia'!$H$5:$H$504,MATCH(H10,'Zgłoszenia'!$S$5:$S$504,0)),RIGHT("0"&DAY((A10+1)),2)&"."&RIGHT("0"&MONTH((A10+1)),2)&"."&YEAR((A10+1))&": "&INDEX('Zgłoszenia'!$H$5:$H$504,MATCH(F10&"|"&(A10+1),'Zgłoszenia'!$S$5:$S$504,0)))&IF(K10>1," (+"&(K10-1)&")","")) | M10: 1
A11: =IF('1'!$C$1="","",'1'!$C$1) | B11: =Ustawienia!$A$8&"" | C11: =Ustawienia!$A$15&"" | D11: 4 | E11: =IF('1'!B16="","",TRIM('1'!B16&"")) | F11: =IF('1'!C16="","",'1'!C16) | G11: ='1'!D16&"" | H11: =IF(OR(A11="",F11=""),"",F11&"|"&A11) | I11: =IF(AND(H11<>"",OR('Historia wózka'!$B$4="",F11='Historia wózka'!$B$4),A11>='Historia wózka'!$B$5,A11<='Historia wózka'!$B$6),A11+0.9+(5000-ROW())/10000000,0) | J11: =Ustawienia!$B$8&"" | K11: =IF(H11="","",COUNTIFS('Zgłoszenia'!$B$5:$B$504,F11,'Zgłoszenia'!$D$5:$D$504,">="&A11,'Zgłoszenia'!$D$5:$D$504,"<="&(A11+1))) | L11: =IF(OR(H11="",K11=0),"—",IF(ISNUMBER(MATCH(H11,'Zgłoszenia'!$S$5:$S$504,0)),RIGHT("0"&DAY(A11),2)&"."&RIGHT("0"&MONTH(A11),2)&"."&YEAR(A11)&": "&INDEX('Zgłoszenia'!$H$5:$H$504,MATCH(H11,'Zgłoszenia'!$S$5:$S$504,0)),RIGHT("0"&DAY((A11+1)),2)&"."&RIGHT("0"&MONTH((A11+1)),2)&"."&YEAR((A11+1))&": "&INDEX('Zgłoszenia'!$H$5:$H$504,MATCH(F11&"|"&(A11+1),'Zgłoszenia'!$S$5:$S$504,0)))&IF(K11>1," (+"&(K11-1)&")","")) | M11: 1
A12: =IF('1'!$C$1="","",'1'!$C$1) | B12: =Ustawienia!$A$8&"" | C12: =Ustawienia!$A$15&"" | D12: 5 | E12: =IF('1'!B17="","",TRIM('1'!B17&"")) | F12: =IF('1'!C17="","",'1'!C17) | G12: ='1'!D17&"" | H12: =IF(OR(A12="",F12=""),"",F12&"|"&A12) | I12: =IF(AND(H12<>"",OR('Historia wózka'!$B$4="",F12='Historia wózka'!$B$4),A12>='Historia wózka'!$B$5,A12<='Historia wózka'!$B$6),A12+0.9+(5000-ROW())/10000000,0) | J12: =Ustawienia!$B$8&"" | K12: =IF(H12="","",COUNTIFS('Zgłoszenia'!$B$5:$B$504,F12,'Zgłoszenia'!$D$5:$D$504,">="&A12,'Zgłoszenia'!$D$5:$D$504,"<="&(A12+1))) | L12: =IF(OR(H12="",K12=0),"—",IF(ISNUMBER(MATCH(H12,'Zgłoszenia'!$S$5:$S$504,0)),RIGHT("0"&DAY(A12),2)&"."&RIGHT("0"&MONTH(A12),2)&"."&YEAR(A12)&": "&INDEX('Zgłoszenia'!$H$5:$H$504,MATCH(H12,'Zgłoszenia'!$S$5:$S$504,0)),RIGHT("0"&DAY((A12+1)),2)&"."&RIGHT("0"&MONTH((A12+1)),2)&"."&YEAR((A12+1))&": "&INDEX('Zgłoszenia'!$H$5:$H$504,MATCH(F12&"|"&(A12+1),'Zgłoszenia'!$S$5:$S$504,0)))&IF(K12>1," (+"&(K12-1)&")","")) | M12: 1
A13: =IF('1'!$C$1="","",'1'!$C$1) | B13: =Ustawienia!$A$8&"" | C13: =Ustawienia!$A$15&"" | D13: 6 | E13: =IF('1'!B18="","",TRIM('1'!B18&"")) | F13: =IF('1'!C18="","",'1'!C18) | G13: ='1'!D18&"" | H13: =IF(OR(A13="",F13=""),"",F13&"|"&A13) | I13: =IF(AND(H13<>"",OR('Historia wózka'!$B$4="",F13='Historia wózka'!$B$4),A13>='Historia wózka'!$B$5,A13<='Historia wózka'!$B$6),A13+0.9+(5000-ROW())/10000000,0) | J13: =Ustawienia!$B$8&"" | K13: =IF(H13="","",COUNTIFS('Zgłoszenia'!$B$5:$B$504,F13,'Zgłoszenia'!$D$5:$D$504,">="&A13,'Zgłoszenia'!$D$5:$D$504,"<="&(A13+1))) | L13: =IF(OR(H13="",K13=0),"—",IF(ISNUMBER(MATCH(H13,'Zgłoszenia'!$S$5:$S$504,0)),RIGHT("0"&DAY(A13),2)&"."&RIGHT("0"&MONTH(A13),2)&"."&YEAR(A13)&": "&INDEX('Zgłoszenia'!$H$5:$H$504,MATCH(H13,'Zgłoszenia'!$S$5:$S$504,0)),RIGHT("0"&DAY((A13+1)),2)&"."&RIGHT("0"&MONTH((A13+1)),2)&"."&YEAR((A13+1))&": "&INDEX('Zgłoszenia'!$H$5:$H$504,MATCH(F13&"|"&(A13+1),'Zgłoszenia'!$S$5:$S$504,0)))&IF(K13>1," (+"&(K13-1)&")","")) | M13: 1
A14: =IF('1'!$C$1="","",'1'!$C$1) | B14: =Ustawienia!$A$8&"" | C14: =Ustawienia!$A$15&"" | D14: 7 | E14: =IF('1'!B19="","",TRIM('1'!B19&"")) | F14: =IF('1'!C19="","",'1'!C19) | G14: ='1'!D19&"" | H14: =IF(OR(A14="",F14=""),"",F14&"|"&A14) | I14: =IF(AND(H14<>"",OR('Historia wózka'!$B$4="",F14='Historia wózka'!$B$4),A14>='Historia wózka'!$B$5,A14<='Historia wózka'!$B$6),A14+0.9+(5000-ROW())/10000000,0) | J14: =Ustawienia!$B$8&"" | K14: =IF(H14="","",COUNTIFS('Zgłoszenia'!$B$5:$B$504,F14,'Zgłoszenia'!$D$5:$D$504,">="&A14,'Zgłoszenia'!$D$5:$D$504,"<="&(A14+1))) | L14: =IF(OR(H14="",K14=0),"—",IF(ISNUMBER(MATCH(H14,'Zgłoszenia'!$S$5:$S$504,0)),RIGHT("0"&DAY(A14),2)&"."&RIGHT("0"&MONTH(A14),2)&"."&YEAR(A14)&": "&INDEX('Zgłoszenia'!$H$5:$H$504,MATCH(H14,'Zgłoszenia'!$S$5:$S$504,0)),RIGHT("0"&DAY((A14+1)),2)&"."&RIGHT("0"&MONTH((A14+1)),2)&"."&YEAR((A14+1))&": "&INDEX('Zgłoszenia'!$H$5:$H$504,MATCH(F14&"|"&(A14+1),'Zgłoszenia'!$S$5:$S$504,0)))&IF(K14>1," (+"&(K14-1)&")","")) | M14: 1
A15: =IF('1'!$C$1="","",'1'!$C$1) | B15: =Ustawienia!$A$8&"" | C15: =Ustawienia!$A$15&"" | D15: 8 | E15: =IF('1'!B20="","",TRIM('1'!B20&"")) | F15: =IF('1'!C20="","",'1'!C20) | G15: ='1'!D20&"" | H15: =IF(OR(A15="",F15=""),"",F15&"|"&A15) | I15: =IF(AND(H15<>"",OR('Historia wózka'!$B$4="",F15='Historia wózka'!$B$4),A15>='Historia wózka'!$B$5,A15<='Historia wózka'!$B$6),A15+0.9+(5000-ROW())/10000000,0) | J15: =Ustawienia!$B$8&"" | K15: =IF(H15="","",COUNTIFS('Zgłoszenia'!$B$5:$B$504,F15,'Zgłoszenia'!$D$5:$D$504,">="&A15,'Zgłoszenia'!$D$5:$D$504,"<="&(A15+1))) | L15: =IF(OR(H15="",K15=0),"—",IF(ISNUMBER(MATCH(H15,'Zgłoszenia'!$S$5:$S$504,0)),RIGHT("0"&DAY(A15),2)&"."&RIGHT("0"&MONTH(A15),2)&"."&YEAR(A15)&": "&INDEX('Zgłoszenia'!$H$5:$H$504,MATCH(H15,'Zgłoszenia'!$S$5:$S$504,0)),RIGHT("0"&DAY((A15+1)),2)&"."&RIGHT("0"&MONTH((A15+1)),2)&"."&YEAR((A15+1))&": "&INDEX('Zgłoszenia'!$H$5:$H$504,MATCH(F15&"|"&(A15+1),'Zgłoszenia'!$S$5:$S$504,0)))&IF(K15>1," (+"&(K15-1)&")","")) | M15: 1
A16: =IF('1'!$C$1="","",'1'!$C$1) | B16: =Ustawienia!$A$8&"" | C16: =Ustawienia!$A$16&"" | D16: 1 | E16: =IF('1'!B22="","",TRIM('1'!B22&"")) | F16: =IF('1'!C22="","",'1'!C22) | G16: ='1'!D22&"" | H16: =IF(OR(A16="",F16=""),"",F16&"|"&A16) | I16: =IF(AND(H16<>"",OR('Historia wózka'!$B$4="",F16='Historia wózka'!$B$4),A16>='Historia wózka'!$B$5,A16<='Historia wózka'!$B$6),A16+0.9+(5000-ROW())/10000000,0) | J16: =Ustawienia!$B$8&"" | K16: =IF(H16="","",COUNTIFS('Zgłoszenia'!$B$5:$B$504,F16,'Zgłoszenia'!$D$5:$D$504,">="&A16,'Zgłoszenia'!$D$5:$D$504,"<="&(A16+1))) | L16: =IF(OR(H16="",K16=0),"—",IF(ISNUMBER(MATCH(H16,'Zgłoszenia'!$S$5:$S$504,0)),RIGHT("0"&DAY(A16),2)&"."&RIGHT("0"&MONTH(A16),2)&"."&YEAR(A16)&": "&INDEX('Zgłoszenia'!$H$5:$H$504,MATCH(H16,'Zgłoszenia'!$S$5:$S$504,0)),RIGHT("0"&DAY((A16+1)),2)&"."&RIGHT("0"&MONTH((A16+1)),2)&"."&YEAR((A16+1))&": "&INDEX('Zgłoszenia'!$H$5:$H$504,MATCH(F16&"|"&(A16+1),'Zgłoszenia'!$S$5:$S$504,0)))&IF(K16>1," (+"&(K16-1)&")","")) | M16: 1
A17: =IF('1'!$C$1="","",'1'!$C$1) | B17: =Ustawienia!$A$8&"" | C17: =Ustawienia!$A$16&"" | D17: 2 | E17: =IF('1'!B23="","",TRIM('1'!B23&"")) | F17: =IF('1'!C23="","",'1'!C23) | G17: ='1'!D23&"" | H17: =IF(OR(A17="",F17=""),"",F17&"|"&A17) | I17: =IF(AND(H17<>"",OR('Historia wózka'!$B$4="",F17='Historia wózka'!$B$4),A17>='Historia wózka'!$B$5,A17<='Historia wózka'!$B$6),A17+0.9+(5000-ROW())/10000000,0) | J17: =Ustawienia!$B$8&"" | K17: =IF(H17="","",COUNTIFS('Zgłoszenia'!$B$5:$B$504,F17,'Zgłoszenia'!$D$5:$D$504,">="&A17,'Zgłoszenia'!$D$5:$D$504,"<="&(A17+1))) | L17: =IF(OR(H17="",K17=0),"—",IF(ISNUMBER(MATCH(H17,'Zgłoszenia'!$S$5:$S$504,0)),RIGHT("0"&DAY(A17),2)&"."&RIGHT("0"&MONTH(A17),2)&"."&YEAR(A17)&": "&INDEX('Zgłoszenia'!$H$5:$H$504,MATCH(H17,'Zgłoszenia'!$S$5:$S$504,0)),RIGHT("0"&DAY((A17+1)),2)&"."&RIGHT("0"&MONTH((A17+1)),2)&"."&YEAR((A17+1))&": "&INDEX('Zgłoszenia'!$H$5:$H$504,MATCH(F17&"|"&(A17+1),'Zgłoszenia'!$S$5:$S$504,0)))&IF(K17>1," (+"&(K17-1)&")","")) | M17: 1
A18: =IF('1'!$C$1="","",'1'!$C$1) | B18: =Ustawienia!$A$8&"" | C18: =Ustawienia!$A$16&"" | D18: 3 | E18: =IF('1'!B24="","",TRIM('1'!B24&"")) | F18: =IF('1'!C24="","",'1'!C24) | G18: ='1'!D24&"" | H18: =IF(OR(A18="",F18=""),"",F18&"|"&A18) | I18: =IF(AND(H18<>"",OR('Historia wózka'!$B$4="",F18='Historia wózka'!$B$4),A18>='Historia wózka'!$B$5,A18<='Historia wózka'!$B$6),A18+0.9+(5000-ROW())/10000000,0) | J18: =Ustawienia!$B$8&"" | K18: =IF(H18="","",COUNTIFS('Zgłoszenia'!$B$5:$B$504,F18,'Zgłoszenia'!$D$5:$D$504,">="&A18,'Zgłoszenia'!$D$5:$D$504,"<="&(A18+1))) | L18: =IF(OR(H18="",K18=0),"—",IF(ISNUMBER(MATCH(H18,'Zgłoszenia'!$S$5:$S$504,0)),RIGHT("0"&DAY(A18),2)&"."&RIGHT("0"&MONTH(A18),2)&"."&YEAR(A18)&": "&INDEX('Zgłoszenia'!$H$5:$H$504,MATCH(H18,'Zgłoszenia'!$S$5:$S$504,0)),RIGHT("0"&DAY((A18+1)),2)&"."&RIGHT("0"&MONTH((A18+1)),2)&"."&YEAR((A18+1))&": "&INDEX('Zgłoszenia'!$H$5:$H$504,MATCH(F18&"|"&(A18+1),'Zgłoszenia'!$S$5:$S$504,0)))&IF(K18>1," (+"&(K18-1)&")","")) | M18: 1
A19: =IF('1'!$C$1="","",'1'!$C$1) | B19: =Ustawienia!$A$8&"" | C19: =Ustawienia!$A$16&"" | D19: 4 | E19: =IF('1'!B25="","",TRIM('1'!B25&"")) | F19: =IF('1'!C25="","",'1'!C25) | G19: ='1'!D25&"" | H19: =IF(OR(A19="",F19=""),"",F19&"|"&A19) | I19: =IF(AND(H19<>"",OR('Historia wózka'!$B$4="",F19='Historia wózka'!$B$4),A19>='Historia wózka'!$B$5,A19<='Historia wózka'!$B$6),A19+0.9+(5000-ROW())/10000000,0) | J19: =Ustawienia!$B$8&"" | K19: =IF(H19="","",COUNTIFS('Zgłoszenia'!$B$5:$B$504,F19,'Zgłoszenia'!$D$5:$D$504,">="&A19,'Zgłoszenia'!$D$5:$D$504,"<="&(A19+1))) | L19: =IF(OR(H19="",K19=0),"—",IF(ISNUMBER(MATCH(H19,'Zgłoszenia'!$S$5:$S$504,0)),RIGHT("0"&DAY(A19),2)&"."&RIGHT("0"&MONTH(A19),2)&"."&YEAR(A19)&": "&INDEX('Zgłoszenia'!$H$5:$H$504,MATCH(H19,'Zgłoszenia'!$S$5:$S$504,0)),RIGHT("0"&DAY((A19+1)),2)&"."&RIGHT("0"&MONTH((A19+1)),2)&"."&YEAR((A19+1))&": "&INDEX('Zgłoszenia'!$H$5:$H$504,MATCH(F19&"|"&(A19+1),'Zgłoszenia'!$S$5:$S$504,0)))&IF(K19>1," (+"&(K19-1)&")","")) | M19: 1
A20: =IF('1'!$C$1="","",'1'!$C$1) | B20: =Ustawienia!$A$8&"" | C20: =Ustawienia!$A$17&"" | D20: 1 | E20: =IF('1'!B27="","",TRIM('1'!B27&"")) | F20: =IF('1'!C27="","",'1'!C27) | G20: ='1'!D27&"" | H20: =IF(OR(A20="",F20=""),"",F20&"|"&A20) | I20: =IF(AND(H20<>"",OR('Historia wózka'!$B$4="",F20='Historia wózka'!$B$4),A20>='Historia wózka'!$B$5,A20<='Historia wózka'!$B$6),A20+0.9+(5000-ROW())/10000000,0) | J20: =Ustawienia!$B$8&"" | K20: =IF(H20="","",COUNTIFS('Zgłoszenia'!$B$5:$B$504,F20,'Zgłoszenia'!$D$5:$D$504,">="&A20,'Zgłoszenia'!$D$5:$D$504,"<="&(A20+1))) | L20: =IF(OR(H20="",K20=0),"—",IF(ISNUMBER(MATCH(H20,'Zgłoszenia'!$S$5:$S$504,0)),RIGHT("0"&DAY(A20),2)&"."&RIGHT("0"&MONTH(A20),2)&"."&YEAR(A20)&": "&INDEX('Zgłoszenia'!$H$5:$H$504,MATCH(H20,'Zgłoszenia'!$S$5:$S$504,0)),RIGHT("0"&DAY((A20+1)),2)&"."&RIGHT("0"&MONTH((A20+1)),2)&"."&YEAR((A20+1))&": "&INDEX('Zgłoszenia'!$H$5:$H$504,MATCH(F20&"|"&(A20+1),'Zgłoszenia'!$S$5:$S$504,0)))&IF(K20>1," (+"&(K20-1)&")","")) | M20: 1
A21: =IF('1'!$C$1="","",'1'!$C$1) | B21: =Ustawienia!$A$8&"" | C21: =Ustawienia!$A$17&"" | D21: 2 | E21: =IF('1'!B28="","",TRIM('1'!B28&"")) | F21: =IF('1'!C28="","",'1'!C28) | G21: ='1'!D28&"" | H21: =IF(OR(A21="",F21=""),"",F21&"|"&A21) | I21: =IF(AND(H21<>"",OR('Historia wózka'!$B$4="",F21='Historia wózka'!$B$4),A21>='Historia wózka'!$B$5,A21<='Historia wózka'!$B$6),A21+0.9+(5000-ROW())/10000000,0) | J21: =Ustawienia!$B$8&"" | K21: =IF(H21="","",COUNTIFS('Zgłoszenia'!$B$5:$B$504,F21,'Zgłoszenia'!$D$5:$D$504,">="&A21,'Zgłoszenia'!$D$5:$D$504,"<="&(A21+1))) | L21: =IF(OR(H21="",K21=0),"—",IF(ISNUMBER(MATCH(H21,'Zgłoszenia'!$S$5:$S$504,0)),RIGHT("0"&DAY(A21),2)&"."&RIGHT("0"&MONTH(A21),2)&"."&YEAR(A21)&": "&INDEX('Zgłoszenia'!$H$5:$H$504,MATCH(H21,'Zgłoszenia'!$S$5:$S$504,0)),RIGHT("0"&DAY((A21+1)),2)&"."&RIGHT("0"&MONTH((A21+1)),2)&"."&YEAR((A21+1))&": "&INDEX('Zgłoszenia'!$H$5:$H$504,MATCH(F21&"|"&(A21+1),'Zgłoszenia'!$S$5:$S$504,0)))&IF(K21>1," (+"&(K21-1)&")","")) | M21: 1
A22: =IF('1'!$C$1="","",'1'!$C$1) | B22: =Ustawienia!$A$8&"" | C22: =Ustawienia!$A$17&"" | D22: 3 | E22: =IF('1'!B29="","",TRIM('1'!B29&"")) | F22: =IF('1'!C29="","",'1'!C29) | G22: ='1'!D29&"" | H22: =IF(OR(A22="",F22=""),"",F22&"|"&A22) | I22: =IF(AND(H22<>"",OR('Historia wózka'!$B$4="",F22='Historia wózka'!$B$4),A22>='Historia wózka'!$B$5,A22<='Historia wózka'!$B$6),A22+0.9+(5000-ROW())/10000000,0) | J22: =Ustawienia!$B$8&"" | K22: =IF(H22="","",COUNTIFS('Zgłoszenia'!$B$5:$B$504,F22,'Zgłoszenia'!$D$5:$D$504,">="&A22,'Zgłoszenia'!$D$5:$D$504,"<="&(A22+1))) | L22: =IF(OR(H22="",K22=0),"—",IF(ISNUMBER(MATCH(H22,'Zgłoszenia'!$S$5:$S$504,0)),RIGHT("0"&DAY(A22),2)&"."&RIGHT("0"&MONTH(A22),2)&"."&YEAR(A22)&": "&INDEX('Zgłoszenia'!$H$5:$H$504,MATCH(H22,'Zgłoszenia'!$S$5:$S$504,0)),RIGHT("0"&DAY((A22+1)),2)&"."&RIGHT("0"&MONTH((A22+1)),2)&"."&YEAR((A22+1))&": "&INDEX('Zgłoszenia'!$H$5:$H$504,MATCH(F22&"|"&(A22+1),'Zgłoszenia'!$S$5:$S$504,0)))&IF(K22>1," (+"&(K22-1)&")","")) | M22: 1
A23: =IF('1'!$C$1="","",'1'!$C$1) | B23: =Ustawienia!$A$8&"" | C23: =Ustawienia!$A$17&"" | D23: 4 | E23: =IF('1'!B30="","",TRIM('1'!B30&"")) | F23: =IF('1'!C30="","",'1'!C30) | G23: ='1'!D30&"" | H23: =IF(OR(A23="",F23=""),"",F23&"|"&A23) | I23: =IF(AND(H23<>"",OR('Historia wózka'!$B$4="",F23='Historia wózka'!$B$4),A23>='Historia wózka'!$B$5,A23<='Historia wózka'!$B$6),A23+0.9+(5000-ROW())/10000000,0) | J23: =Ustawienia!$B$8&"" | K23: =IF(H23="","",COUNTIFS('Zgłoszenia'!$B$5:$B$504,F23,'Zgłoszenia'!$D$5:$D$504,">="&A23,'Zgłoszenia'!$D$5:$D$504,"<="&(A23+1))) | L23: =IF(OR(H23="",K23=0),"—",IF(ISNUMBER(MATCH(H23,'Zgłoszenia'!$S$5:$S$504,0)),RIGHT("0"&DAY(A23),2)&"."&RIGHT("0"&MONTH(A23),2)&"."&YEAR(A23)&": "&INDEX('Zgłoszenia'!$H$5:$H$504,MATCH(H23,'Zgłoszenia'!$S$5:$S$504,0)),RIGHT("0"&DAY((A23+1)),2)&"."&RIGHT("0"&MONTH((A23+1)),2)&"."&YEAR((A23+1))&": "&INDEX('Zgłoszenia'!$H$5:$H$504,MATCH(F23&"|"&(A23+1),'Zgłoszenia'!$S$5:$S$504,0)))&IF(K23>1," (+"&(K23-1)&")","")) | M23: 1
A24: =IF('1'!$C$1="","",'1'!$C$1) | B24: =Ustawienia!$A$8&"" | C24: =Ustawienia!$A$18&"" | D24: 1 | E24: =IF('1'!B32="","",TRIM('1'!B32&"")) | F24: =IF('1'!C32="","",'1'!C32) | G24: ='1'!D32&"" | H24: =IF(OR(A24="",F24=""),"",F24&"|"&A24) | I24: =IF(AND(H24<>"",OR('Historia wózka'!$B$4="",F24='Historia wózka'!$B$4),A24>='Historia wózka'!$B$5,A24<='Historia wózka'!$B$6),A24+0.9+(5000-ROW())/10000000,0) | J24: =Ustawienia!$B$8&"" | K24: =IF(H24="","",COUNTIFS('Zgłoszenia'!$B$5:$B$504,F24,'Zgłoszenia'!$D$5:$D$504,">="&A24,'Zgłoszenia'!$D$5:$D$504,"<="&(A24+1))) | L24: =IF(OR(H24="",K24=0),"—",IF(ISNUMBER(MATCH(H24,'Zgłoszenia'!$S$5:$S$504,0)),RIGHT("0"&DAY(A24),2)&"."&RIGHT("0"&MONTH(A24),2)&"."&YEAR(A24)&": "&INDEX('Zgłoszenia'!$H$5:$H$504,MATCH(H24,'Zgłoszenia'!$S$5:$S$504,0)),RIGHT("0"&DAY((A24+1)),2)&"."&RIGHT("0"&MONTH((A24+1)),2)&"."&YEAR((A24+1))&": "&INDEX('Zgłoszenia'!$H$5:$H$504,MATCH(F24&"|"&(A24+1),'Zgłoszenia'!$S$5:$S$504,0)))&IF(K24>1," (+"&(K24-1)&")","")) | M24: 1
A25: =IF('1'!$C$1="","",'1'!$C$1) | B25: =Ustawienia!$A$8&"" | C25: =Ustawienia!$A$18&"" | D25: 2 | E25: =IF('1'!B33="","",TRIM('1'!B33&"")) | F25: =IF('1'!C33="","",'1'!C33) | G25: ='1'!D33&"" | H25: =IF(OR(A25="",F25=""),"",F25&"|"&A25) | I25: =IF(AND(H25<>"",OR('Historia wózka'!$B$4="",F25='Historia wózka'!$B$4),A25>='Historia wózka'!$B$5,A25<='Historia wózka'!$B$6),A25+0.9+(5000-ROW())/10000000,0) | J25: =Ustawienia!$B$8&"" | K25: =IF(H25="","",COUNTIFS('Zgłoszenia'!$B$5:$B$504,F25,'Zgłoszenia'!$D$5:$D$504,">="&A25,'Zgłoszenia'!$D$5:$D$504,"<="&(A25+1))) | L25: =IF(OR(H25="",K25=0),"—",IF(ISNUMBER(MATCH(H25,'Zgłoszenia'!$S$5:$S$504,0)),RIGHT("0"&DAY(A25),2)&"."&RIGHT("0"&MONTH(A25),2)&"."&YEAR(A25)&": "&INDEX('Zgłoszenia'!$H$5:$H$504,MATCH(H25,'Zgłoszenia'!$S$5:$S$504,0)),RIGHT("0"&DAY((A25+1)),2)&"."&RIGHT("0"&MONTH((A25+1)),2)&"."&YEAR((A25+1))&": "&INDEX('Zgłoszenia'!$H$5:$H$504,MATCH(F25&"|"&(A25+1),'Zgłoszenia'!$S$5:$S$504,0)))&IF(K25>1," (+"&(K25-1)&")","")) | M25: 1
A26: =IF('1'!$C$1="","",'1'!$C$1) | B26: =Ustawienia!$A$8&"" | C26: =Ustawienia!$A$18&"" | D26: 3 | E26: =IF('1'!B34="","",TRIM('1'!B34&"")) | F26: =IF('1'!C34="","",'1'!C34) | G26: ='1'!D34&"" | H26: =IF(OR(A26="",F26=""),"",F26&"|"&A26) | I26: =IF(AND(H26<>"",OR('Historia wózka'!$B$4="",F26='Historia wózka'!$B$4),A26>='Historia wózka'!$B$5,A26<='Historia wózka'!$B$6),A26+0.9+(5000-ROW())/10000000,0) | J26: =Ustawienia!$B$8&"" | K26: =IF(H26="","",COUNTIFS('Zgłoszenia'!$B$5:$B$504,F26,'Zgłoszenia'!$D$5:$D$504,">="&A26,'Zgłoszenia'!$D$5:$D$504,"<="&(A26+1))) | L26: =IF(OR(H26="",K26=0),"—",IF(ISNUMBER(MATCH(H26,'Zgłoszenia'!$S$5:$S$504,0)),RIGHT("0"&DAY(A26),2)&"."&RIGHT("0"&MONTH(A26),2)&"."&YEAR(A26)&": "&INDEX('Zgłoszenia'!$H$5:$H$504,MATCH(H26,'Zgłoszenia'!$S$5:$S$504,0)),RIGHT("0"&DAY((A26+1)),2)&"."&RIGHT("0"&MONTH((A26+1)),2)&"."&YEAR((A26+1))&": "&INDEX('Zgłoszenia'!$H$5:$H$504,MATCH(F26&"|"&(A26+1),'Zgłoszenia'!$S$5:$S$504,0)))&IF(K26>1," (+"&(K26-1)&")","")) | M26: 1
A27: =IF('1'!$C$1="","",'1'!$C$1) | B27: =Ustawienia!$A$8&"" | C27: =Ustawienia!$A$18&"" | D27: 4 | E27: =IF('1'!B35="","",TRIM('1'!B35&"")) | F27: =IF('1'!C35="","",'1'!C35) | G27: ='1'!D35&"" | H27: =IF(OR(A27="",F27=""),"",F27&"|"&A27) | I27: =IF(AND(H27<>"",OR('Historia wózka'!$B$4="",F27='Historia wózka'!$B$4),A27>='Historia wózka'!$B$5,A27<='Historia wózka'!$B$6),A27+0.9+(5000-ROW())/10000000,0) | J27: =Ustawienia!$B$8&"" | K27: =IF(H27="","",COUNTIFS('Zgłoszenia'!$B$5:$B$504,F27,'Zgłoszenia'!$D$5:$D$504,">="&A27,'Zgłoszenia'!$D$5:$D$504,"<="&(A27+1))) | L27: =IF(OR(H27="",K27=0),"—",IF(ISNUMBER(MATCH(H27,'Zgłoszenia'!$S$5:$S$504,0)),RIGHT("0"&DAY(A27),2)&"."&RIGHT("0"&MONTH(A27),2)&"."&YEAR(A27)&": "&INDEX('Zgłoszenia'!$H$5:$H$504,MATCH(H27,'Zgłoszenia'!$S$5:$S$504,0)),RIGHT("0"&DAY((A27+1)),2)&"."&RIGHT("0"&MONTH((A27+1)),2)&"."&YEAR((A27+1))&": "&INDEX('Zgłoszenia'!$H$5:$H$504,MATCH(F27&"|"&(A27+1),'Zgłoszenia'!$S$5:$S$504,0)))&IF(K27>1," (+"&(K27-1)&")","")) | M27: 1
A28: =IF('1'!$C$1="","",'1'!$C$1) | B28: =Ustawienia!$A$8&"" | C28: =Ustawienia!$A$18&"" | D28: 5 | E28: =IF('1'!B36="","",TRIM('1'!B36&"")) | F28: =IF('1'!C36="","",'1'!C36) | G28: ='1'!D36&"" | H28: =IF(OR(A28="",F28=""),"",F28&"|"&A28) | I28: =IF(AND(H28<>"",OR('Historia wózka'!$B$4="",F28='Historia wózka'!$B$4),A28>='Historia wózka'!$B$5,A28<='Historia wózka'!$B$6),A28+0.9+(5000-ROW())/10000000,0) | J28: =Ustawienia!$B$8&"" | K28: =IF(H28="","",COUNTIFS('Zgłoszenia'!$B$5:$B$504,F28,'Zgłoszenia'!$D$5:$D$504,">="&A28,'Zgłoszenia'!$D$5:$D$504,"<="&(A28+1))) | L28: =IF(OR(H28="",K28=0),"—",IF(ISNUMBER(MATCH(H28,'Zgłoszenia'!$S$5:$S$504,0)),RIGHT("0"&DAY(A28),2)&"."&RIGHT("0"&MONTH(A28),2)&"."&YEAR(A28)&": "&INDEX('Zgłoszenia'!$H$5:$H$504,MATCH(H28,'Zgłoszenia'!$S$5:$S$504,0)),RIGHT("0"&DAY((A28+1)),2)&"."&RIGHT("0"&MONTH((A28+1)),2)&"."&YEAR((A28+1))&": "&INDEX('Zgłoszenia'!$H$5:$H$504,MATCH(F28&"|"&(A28+1),'Zgłoszenia'!$S$5:$S$504,0)))&IF(K28>1," (+"&(K28-1)&")","")) | M28: 1
A29: =IF('1'!$C$1="","",'1'!$C$1) | B29: =Ustawienia!$A$9&"" | C29: =Ustawienia!$A$14&"" | D29: 1 | E29: =IF('1'!F6="","",TRIM('1'!F6&"")) | F29: =IF('1'!G6="","",'1'!G6) | G29: ='1'!H6&"" | H29: =IF(OR(A29="",F29=""),"",F29&"|"&A29) | I29: =IF(AND(H29<>"",OR('Historia wózka'!$B$4="",F29='Historia wózka'!$B$4),A29>='Historia wózka'!$B$5,A29<='Historia wózka'!$B$6),A29+0.8+(5000-ROW())/10000000,0) | J29: =Ustawienia!$B$9&"" | K29: =IF(H29="","",COUNTIFS('Zgłoszenia'!$B$5:$B$504,F29,'Zgłoszenia'!$D$5:$D$504,">="&A29,'Zgłoszenia'!$D$5:$D$504,"<="&(A29+1))) | L29: =IF(OR(H29="",K29=0),"—",IF(ISNUMBER(MATCH(H29,'Zgłoszenia'!$S$5:$S$504,0)),RIGHT("0"&DAY(A29),2)&"."&RIGHT("0"&MONTH(A29),2)&"."&YEAR(A29)&": "&INDEX('Zgłoszenia'!$H$5:$H$504,MATCH(H29,'Zgłoszenia'!$S$5:$S$504,0)),RIGHT("0"&DAY((A29+1)),2)&"."&RIGHT("0"&MONTH((A29+1)),2)&"."&YEAR((A29+1))&": "&INDEX('Zgłoszenia'!$H$5:$H$504,MATCH(F29&"|"&(A29+1),'Zgłoszenia'!$S$5:$S$504,0)))&IF(K29>1," (+"&(K29-1)&")","")) | M29: 1
A30: =IF('1'!$C$1="","",'1'!$C$1) | B30: =Ustawienia!$A$9&"" | C30: =Ustawienia!$A$14&"" | D30: 2 | E30: =IF('1'!F7="","",TRIM('1'!F7&"")) | F30: =IF('1'!G7="","",'1'!G7) | G30: ='1'!H7&"" | H30: =IF(OR(A30="",F30=""),"",F30&"|"&A30) | I30: =IF(AND(H30<>"",OR('Historia wózka'!$B$4="",F30='Historia wózka'!$B$4),A30>='Historia wózka'!$B$5,A30<='Historia wózka'!$B$6),A30+0.8+(5000-ROW())/10000000,0) | J30: =Ustawienia!$B$9&"" | K30: =IF(H30="","",COUNTIFS('Zgłoszenia'!$B$5:$B$504,F30,'Zgłoszenia'!$D$5:$D$504,">="&A30,'Zgłoszenia'!$D$5:$D$504,"<="&(A30+1))) | L30: =IF(OR(H30="",K30=0),"—",IF(ISNUMBER(MATCH(H30,'Zgłoszenia'!$S$5:$S$504,0)),RIGHT("0"&DAY(A30),2)&"."&RIGHT("0"&MONTH(A30),2)&"."&YEAR(A30)&": "&INDEX('Zgłoszenia'!$H$5:$H$504,MATCH(H30,'Zgłoszenia'!$S$5:$S$504,0)),RIGHT("0"&DAY((A30+1)),2)&"."&RIGHT("0"&MONTH((A30+1)),2)&"."&YEAR((A30+1))&": "&INDEX('Zgłoszenia'!$H$5:$H$504,MATCH(F30&"|"&(A30+1),'Zgłoszenia'!$S$5:$S$504,0)))&IF(K30>1," (+"&(K30-1)&")","")) | M30: 1
A31: =IF('1'!$C$1="","",'1'!$C$1) | B31: =Ustawienia!$A$9&"" | C31: =Ustawienia!$A$14&"" | D31: 3 | E31: =IF('1'!F8="","",TRIM('1'!F8&"")) | F31: =IF('1'!G8="","",'1'!G8) | G31: ='1'!H8&"" | H31: =IF(OR(A31="",F31=""),"",F31&"|"&A31) | I31: =IF(AND(H31<>"",OR('Historia wózka'!$B$4="",F31='Historia wózka'!$B$4),A31>='Historia wózka'!$B$5,A31<='Historia wózka'!$B$6),A31+0.8+(5000-ROW())/10000000,0) | J31: =Ustawienia!$B$9&"" | K31: =IF(H31="","",COUNTIFS('Zgłoszenia'!$B$5:$B$504,F31,'Zgłoszenia'!$D$5:$D$504,">="&A31,'Zgłoszenia'!$D$5:$D$504,"<="&(A31+1))) | L31: =IF(OR(H31="",K31=0),"—",IF(ISNUMBER(MATCH(H31,'Zgłoszenia'!$S$5:$S$504,0)),RIGHT("0"&DAY(A31),2)&"."&RIGHT("0"&MONTH(A31),2)&"."&YEAR(A31)&": "&INDEX('Zgłoszenia'!$H$5:$H$504,MATCH(H31,'Zgłoszenia'!$S$5:$S$504,0)),RIGHT("0"&DAY((A31+1)),2)&"."&RIGHT("0"&MONTH((A31+1)),2)&"."&YEAR((A31+1))&": "&INDEX('Zgłoszenia'!$H$5:$H$504,MATCH(F31&"|"&(A31+1),'Zgłoszenia'!$S$5:$S$504,0)))&IF(K31>1," (+"&(K31-1)&")","")) | M31: 1
A32: =IF('1'!$C$1="","",'1'!$C$1) | B32: =Ustawienia!$A$9&"" | C32: =Ustawienia!$A$14&"" | D32: 4 | E32: =IF('1'!F9="","",TRIM('1'!F9&"")) | F32: =IF('1'!G9="","",'1'!G9) | G32: ='1'!H9&"" | H32: =IF(OR(A32="",F32=""),"",F32&"|"&A32) | I32: =IF(AND(H32<>"",OR('Historia wózka'!$B$4="",F32='Historia wózka'!$B$4),A32>='Historia wózka'!$B$5,A32<='Historia wózka'!$B$6),A32+0.8+(5000-ROW())/10000000,0) | J32: =Ustawienia!$B$9&"" | K32: =IF(H32="","",COUNTIFS('Zgłoszenia'!$B$5:$B$504,F32,'Zgłoszenia'!$D$5:$D$504,">="&A32,'Zgłoszenia'!$D$5:$D$504,"<="&(A32+1))) | L32: =IF(OR(H32="",K32=0),"—",IF(ISNUMBER(MATCH(H32,'Zgłoszenia'!$S$5:$S$504,0)),RIGHT("0"&DAY(A32),2)&"."&RIGHT("0"&MONTH(A32),2)&"."&YEAR(A32)&": "&INDEX('Zgłoszenia'!$H$5:$H$504,MATCH(H32,'Zgłoszenia'!$S$5:$S$504,0)),RIGHT("0"&DAY((A32+1)),2)&"."&RIGHT("0"&MONTH((A32+1)),2)&"."&YEAR((A32+1))&": "&INDEX('Zgłoszenia'!$H$5:$H$504,MATCH(F32&"|"&(A32+1),'Zgłoszenia'!$S$5:$S$504,0)))&IF(K32>1," (+"&(K32-1)&")","")) | M32: 1
A33: =IF('1'!$C$1="","",'1'!$C$1) | B33: =Ustawienia!$A$9&"" | C33: =Ustawienia!$A$14&"" | D33: 5 | E33: =IF('1'!F10="","",TRIM('1'!F10&"")) | F33: =IF('1'!G10="","",'1'!G10) | G33: ='1'!H10&"" | H33: =IF(OR(A33="",F33=""),"",F33&"|"&A33) | I33: =IF(AND(H33<>"",OR('Historia wózka'!$B$4="",F33='Historia wózka'!$B$4),A33>='Historia wózka'!$B$5,A33<='Historia wózka'!$B$6),A33+0.8+(5000-ROW())/10000000,0) | J33: =Ustawienia!$B$9&"" | K33: =IF(H33="","",COUNTIFS('Zgłoszenia'!$B$5:$B$504,F33,'Zgłoszenia'!$D$5:$D$504,">="&A33,'Zgłoszenia'!$D$5:$D$504,"<="&(A33+1))) | L33: =IF(OR(H33="",K33=0),"—",IF(ISNUMBER(MATCH(H33,'Zgłoszenia'!$S$5:$S$504,0)),RIGHT("0"&DAY(A33),2)&"."&RIGHT("0"&MONTH(A33),2)&"."&YEAR(A33)&": "&INDEX('Zgłoszenia'!$H$5:$H$504,MATCH(H33,'Zgłoszenia'!$S$5:$S$504,0)),RIGHT("0"&DAY((A33+1)),2)&"."&RIGHT("0"&MONTH((A33+1)),2)&"."&YEAR((A33+1))&": "&INDEX('Zgłoszenia'!$H$5:$H$504,MATCH(F33&"|"&(A33+1),'Zgłoszenia'!$S$5:$S$504,0)))&IF(K33>1," (+"&(K33-1)&")","")) | M33: 1
A34: =IF('1'!$C$1="","",'1'!$C$1) | B34: =Ustawienia!$A$9&"" | C34: =Ustawienia!$A$14&"" | D34: 6 | E34: =IF('1'!F11="","",TRIM('1'!F11&"")) | F34: =IF('1'!G11="","",'1'!G11) | G34: ='1'!H11&"" | H34: =IF(OR(A34="",F34=""),"",F34&"|"&A34) | I34: =IF(AND(H34<>"",OR('Historia wózka'!$B$4="",F34='Historia wózka'!$B$4),A34>='Historia wózka'!$B$5,A34<='Historia wózka'!$B$6),A34+0.8+(5000-ROW())/10000000,0) | J34: =Ustawienia!$B$9&"" | K34: =IF(H34="","",COUNTIFS('Zgłoszenia'!$B$5:$B$504,F34,'Zgłoszenia'!$D$5:$D$504,">="&A34,'Zgłoszenia'!$D$5:$D$504,"<="&(A34+1))) | L34: =IF(OR(H34="",K34=0),"—",IF(ISNUMBER(MATCH(H34,'Zgłoszenia'!$S$5:$S$504,0)),RIGHT("0"&DAY(A34),2)&"."&RIGHT("0"&MONTH(A34),2)&"."&YEAR(A34)&": "&INDEX('Zgłoszenia'!$H$5:$H$504,MATCH(H34,'Zgłoszenia'!$S$5:$S$504,0)),RIGHT("0"&DAY((A34+1)),2)&"."&RIGHT("0"&MONTH((A34+1)),2)&"."&YEAR((A34+1))&": "&INDEX('Zgłoszenia'!$H$5:$H$504,MATCH(F34&"|"&(A34+1),'Zgłoszenia'!$S$5:$S$504,0)))&IF(K34>1," (+"&(K34-1)&")","")) | M34: 1
A35: =IF('1'!$C$1="","",'1'!$C$1) | B35: =Ustawienia!$A$9&"" | C35: =Ustawienia!$A$15&"" | D35: 1 | E35: =IF('1'!F13="","",TRIM('1'!F13&"")) | F35: =IF('1'!G13="","",'1'!G13) | G35: ='1'!H13&"" | H35: =IF(OR(A35="",F35=""),"",F35&"|"&A35) | I35: =IF(AND(H35<>"",OR('Historia wózka'!$B$4="",F35='Historia wózka'!$B$4),A35>='Historia wózka'!$B$5,A35<='Historia wózka'!$B$6),A35+0.8+(5000-ROW())/10000000,0) | J35: =Ustawienia!$B$9&"" | K35: =IF(H35="","",COUNTIFS('Zgłoszenia'!$B$5:$B$504,F35,'Zgłoszenia'!$D$5:$D$504,">="&A35,'Zgłoszenia'!$D$5:$D$504,"<="&(A35+1))) | L35: =IF(OR(H35="",K35=0),"—",IF(ISNUMBER(MATCH(H35,'Zgłoszenia'!$S$5:$S$504,0)),RIGHT("0"&DAY(A35),2)&"."&RIGHT("0"&MONTH(A35),2)&"."&YEAR(A35)&": "&INDEX('Zgłoszenia'!$H$5:$H$504,MATCH(H35,'Zgłoszenia'!$S$5:$S$504,0)),RIGHT("0"&DAY((A35+1)),2)&"."&RIGHT("0"&MONTH((A35+1)),2)&"."&YEAR((A35+1))&": "&INDEX('Zgłoszenia'!$H$5:$H$504,MATCH(F35&"|"&(A35+1),'Zgłoszenia'!$S$5:$S$504,0)))&IF(K35>1," (+"&(K35-1)&")","")) | M35: 1
A36: =IF('1'!$C$1="","",'1'!$C$1) | B36: =Ustawienia!$A$9&"" | C36: =Ustawienia!$A$15&"" | D36: 2 | E36: =IF('1'!F14="","",TRIM('1'!F14&"")) | F36: =IF('1'!G14="","",'1'!G14) | G36: ='1'!H14&"" | H36: =IF(OR(A36="",F36=""),"",F36&"|"&A36) | I36: =IF(AND(H36<>"",OR('Historia wózka'!$B$4="",F36='Historia wózka'!$B$4),A36>='Historia wózka'!$B$5,A36<='Historia wózka'!$B$6),A36+0.8+(5000-ROW())/10000000,0) | J36: =Ustawienia!$B$9&"" | K36: =IF(H36="","",COUNTIFS('Zgłoszenia'!$B$5:$B$504,F36,'Zgłoszenia'!$D$5:$D$504,">="&A36,'Zgłoszenia'!$D$5:$D$504,"<="&(A36+1))) | L36: =IF(OR(H36="",K36=0),"—",IF(ISNUMBER(MATCH(H36,'Zgłoszenia'!$S$5:$S$504,0)),RIGHT("0"&DAY(A36),2)&"."&RIGHT("0"&MONTH(A36),2)&"."&YEAR(A36)&": "&INDEX('Zgłoszenia'!$H$5:$H$504,MATCH(H36,'Zgłoszenia'!$S$5:$S$504,0)),RIGHT("0"&DAY((A36+1)),2)&"."&RIGHT("0"&MONTH((A36+1)),2)&"."&YEAR((A36+1))&": "&INDEX('Zgłoszenia'!$H$5:$H$504,MATCH(F36&"|"&(A36+1),'Zgłoszenia'!$S$5:$S$504,0)))&IF(K36>1," (+"&(K36-1)&")","")) | M36: 1
A37: =IF('1'!$C$1="","",'1'!$C$1) | B37: =Ustawienia!$A$9&"" | C37: =Ustawienia!$A$15&"" | D37: 3 | E37: =IF('1'!F15="","",TRIM('1'!F15&"")) | F37: =IF('1'!G15="","",'1'!G15) | G37: ='1'!H15&"" | H37: =IF(OR(A37="",F37=""),"",F37&"|"&A37) | I37: =IF(AND(H37<>"",OR('Historia wózka'!$B$4="",F37='Historia wózka'!$B$4),A37>='Historia wózka'!$B$5,A37<='Historia wózka'!$B$6),A37+0.8+(5000-ROW())/10000000,0) | J37: =Ustawienia!$B$9&"" | K37: =IF(H37="","",COUNTIFS('Zgłoszenia'!$B$5:$B$504,F37,'Zgłoszenia'!$D$5:$D$504,">="&A37,'Zgłoszenia'!$D$5:$D$504,"<="&(A37+1))) | L37: =IF(OR(H37="",K37=0),"—",IF(ISNUMBER(MATCH(H37,'Zgłoszenia'!$S$5:$S$504,0)),RIGHT("0"&DAY(A37),2)&"."&RIGHT("0"&MONTH(A37),2)&"."&YEAR(A37)&": "&INDEX('Zgłoszenia'!$H$5:$H$504,MATCH(H37,'Zgłoszenia'!$S$5:$S$504,0)),RIGHT("0"&DAY((A37+1)),2)&"."&RIGHT("0"&MONTH((A37+1)),2)&"."&YEAR((A37+1))&": "&INDEX('Zgłoszenia'!$H$5:$H$504,MATCH(F37&"|"&(A37+1),'Zgłoszenia'!$S$5:$S$504,0)))&IF(K37>1," (+"&(K37-1)&")","")) | M37: 1
A38: =IF('1'!$C$1="","",'1'!$C$1) | B38: =Ustawienia!$A$9&"" | C38: =Ustawienia!$A$15&"" | D38: 4 | E38: =IF('1'!F16="","",TRIM('1'!F16&"")) | F38: =IF('1'!G16="","",'1'!G16) | G38: ='1'!H16&"" | H38: =IF(OR(A38="",F38=""),"",F38&"|"&A38) | I38: =IF(AND(H38<>"",OR('Historia wózka'!$B$4="",F38='Historia wózka'!$B$4),A38>='Historia wózka'!$B$5,A38<='Historia wózka'!$B$6),A38+0.8+(5000-ROW())/10000000,0) | J38: =Ustawienia!$B$9&"" | K38: =IF(H38="","",COUNTIFS('Zgłoszenia'!$B$5:$B$504,F38,'Zgłoszenia'!$D$5:$D$504,">="&A38,'Zgłoszenia'!$D$5:$D$504,"<="&(A38+1))) | L38: =IF(OR(H38="",K38=0),"—",IF(ISNUMBER(MATCH(H38,'Zgłoszenia'!$S$5:$S$504,0)),RIGHT("0"&DAY(A38),2)&"."&RIGHT("0"&MONTH(A38),2)&"."&YEAR(A38)&": "&INDEX('Zgłoszenia'!$H$5:$H$504,MATCH(H38,'Zgłoszenia'!$S$5:$S$504,0)),RIGHT("0"&DAY((A38+1)),2)&"."&RIGHT("0"&MONTH((A38+1)),2)&"."&YEAR((A38+1))&": "&INDEX('Zgłoszenia'!$H$5:$H$504,MATCH(F38&"|"&(A38+1),'Zgłoszenia'!$S$5:$S$504,0)))&IF(K38>1," (+"&(K38-1)&")","")) | M38: 1
A39: =IF('1'!$C$1="","",'1'!$C$1) | B39: =Ustawienia!$A$9&"" | C39: =Ustawienia!$A$15&"" | D39: 5 | E39: =IF('1'!F17="","",TRIM('1'!F17&"")) | F39: =IF('1'!G17="","",'1'!G17) | G39: ='1'!H17&"" | H39: =IF(OR(A39="",F39=""),"",F39&"|"&A39) | I39: =IF(AND(H39<>"",OR('Historia wózka'!$B$4="",F39='Historia wózka'!$B$4),A39>='Historia wózka'!$B$5,A39<='Historia wózka'!$B$6),A39+0.8+(5000-ROW())/10000000,0) | J39: =Ustawienia!$B$9&"" | K39: =IF(H39="","",COUNTIFS('Zgłoszenia'!$B$5:$B$504,F39,'Zgłoszenia'!$D$5:$D$504,">="&A39,'Zgłoszenia'!$D$5:$D$504,"<="&(A39+1))) | L39: =IF(OR(H39="",K39=0),"—",IF(ISNUMBER(MATCH(H39,'Zgłoszenia'!$S$5:$S$504,0)),RIGHT("0"&DAY(A39),2)&"."&RIGHT("0"&MONTH(A39),2)&"."&YEAR(A39)&": "&INDEX('Zgłoszenia'!$H$5:$H$504,MATCH(H39,'Zgłoszenia'!$S$5:$S$504,0)),RIGHT("0"&DAY((A39+1)),2)&"."&RIGHT("0"&MONTH((A39+1)),2)&"."&YEAR((A39+1))&": "&INDEX('Zgłoszenia'!$H$5:$H$504,MATCH(F39&"|"&(A39+1),'Zgłoszenia'!$S$5:$S$504,0)))&IF(K39>1," (+"&(K39-1)&")","")) | M39: 1
A40: =IF('1'!$C$1="","",'1'!$C$1) | B40: =Ustawienia!$A$9&"" | C40: =Ustawienia!$A$15&"" | D40: 6 | E40: =IF('1'!F18="","",TRIM('1'!F18&"")) | F40: =IF('1'!G18="","",'1'!G18) | G40: ='1'!H18&"" | H40: =IF(OR(A40="",F40=""),"",F40&"|"&A40) | I40: =IF(AND(H40<>"",OR('Historia wózka'!$B$4="",F40='Historia wózka'!$B$4),A40>='Historia wózka'!$B$5,A40<='Historia wózka'!$B$6),A40+0.8+(5000-ROW())/10000000,0) | J40: =Ustawienia!$B$9&"" | K40: =IF(H40="","",COUNTIFS('Zgłoszenia'!$B$5:$B$504,F40,'Zgłoszenia'!$D$5:$D$504,">="&A40,'Zgłoszenia'!$D$5:$D$504,"<="&(A40+1))) | L40: =IF(OR(H40="",K40=0),"—",IF(ISNUMBER(MATCH(H40,'Zgłoszenia'!$S$5:$S$504,0)),RIGHT("0"&DAY(A40),2)&"."&RIGHT("0"&MONTH(A40),2)&"."&YEAR(A40)&": "&INDEX('Zgłoszenia'!$H$5:$H$504,MATCH(H40,'Zgłoszenia'!$S$5:$S$504,0)),RIGHT("0"&DAY((A40+1)),2)&"."&RIGHT("0"&MONTH((A40+1)),2)&"."&YEAR((A40+1))&": "&INDEX('Zgłoszenia'!$H$5:$H$504,MATCH(F40&"|"&(A40+1),'Zgłoszenia'!$S$5:$S$504,0)))&IF(K40>1," (+"&(K40-1)&")","")) | M40: 1
A41: =IF('1'!$C$1="","",'1'!$C$1) | B41: =Ustawienia!$A$9&"" | C41: =Ustawienia!$A$15&"" | D41: 7 | E41: =IF('1'!F19="","",TRIM('1'!F19&"")) | F41: =IF('1'!G19="","",'1'!G19) | G41: ='1'!H19&"" | H41: =IF(OR(A41="",F41=""),"",F41&"|"&A41) | I41: =IF(AND(H41<>"",OR('Historia wózka'!$B$4="",F41='Historia wózka'!$B$4),A41>='Historia wózka'!$B$5,A41<='Historia wózka'!$B$6),A41+0.8+(5000-ROW())/10000000,0) | J41: =Ustawienia!$B$9&"" | K41: =IF(H41="","",COUNTIFS('Zgłoszenia'!$B$5:$B$504,F41,'Zgłoszenia'!$D$5:$D$504,">="&A41,'Zgłoszenia'!$D$5:$D$504,"<="&(A41+1))) | L41: =IF(OR(H41="",K41=0),"—",IF(ISNUMBER(MATCH(H41,'Zgłoszenia'!$S$5:$S$504,0)),RIGHT("0"&DAY(A41),2)&"."&RIGHT("0"&MONTH(A41),2)&"."&YEAR(A41)&": "&INDEX('Zgłoszenia'!$H$5:$H$504,MATCH(H41,'Zgłoszenia'!$S$5:$S$504,0)),RIGHT("0"&DAY((A41+1)),2)&"."&RIGHT("0"&MONTH((A41+1)),2)&"."&YEAR((A41+1))&": "&INDEX('Zgłoszenia'!$H$5:$H$504,MATCH(F41&"|"&(A41+1),'Zgłoszenia'!$S$5:$S$504,0)))&IF(K41>1," (+"&(K41-1)&")","")) | M41: 1
A42: =IF('1'!$C$1="","",'1'!$C$1) | B42: =Ustawienia!$A$9&"" | C42: =Ustawienia!$A$15&"" | D42: 8 | E42: =IF('1'!F20="","",TRIM('1'!F20&"")) | F42: =IF('1'!G20="","",'1'!G20) | G42: ='1'!H20&"" | H42: =IF(OR(A42="",F42=""),"",F42&"|"&A42) | I42: =IF(AND(H42<>"",OR('Historia wózka'!$B$4="",F42='Historia wózka'!$B$4),A42>='Historia wózka'!$B$5,A42<='Historia wózka'!$B$6),A42+0.8+(5000-ROW())/10000000,0) | J42: =Ustawienia!$B$9&"" | K42: =IF(H42="","",COUNTIFS('Zgłoszenia'!$B$5:$B$504,F42,'Zgłoszenia'!$D$5:$D$504,">="&A42,'Zgłoszenia'!$D$5:$D$504,"<="&(A42+1))) | L42: =IF(OR(H42="",K42=0),"—",IF(ISNUMBER(MATCH(H42,'Zgłoszenia'!$S$5:$S$504,0)),RIGHT("0"&DAY(A42),2)&"."&RIGHT("0"&MONTH(A42),2)&"."&YEAR(A42)&": "&INDEX('Zgłoszenia'!$H$5:$H$504,MATCH(H42,'Zgłoszenia'!$S$5:$S$504,0)),RIGHT("0"&DAY((A42+1)),2)&"."&RIGHT("0"&MONTH((A42+1)),2)&"."&YEAR((A42+1))&": "&INDEX('Zgłoszenia'!$H$5:$H$504,MATCH(F42&"|"&(A42+1),'Zgłoszenia'!$S$5:$S$504,0)))&IF(K42>1," (+"&(K42-1)&")","")) | M42: 1
A43: =IF('1'!$C$1="","",'1'!$C$1) | B43: =Ustawienia!$A$9&"" | C43: =Ustawienia!$A$16&"" | D43: 1 | E43: =IF('1'!F22="","",TRIM('1'!F22&"")) | F43: =IF('1'!G22="","",'1'!G22) | G43: ='1'!H22&"" | H43: =IF(OR(A43="",F43=""),"",F43&"|"&A43) | I43: =IF(AND(H43<>"",OR('Historia wózka'!$B$4="",F43='Historia wózka'!$B$4),A43>='Historia wózka'!$B$5,A43<='Historia wózka'!$B$6),A43+0.8+(5000-ROW())/10000000,0) | J43: =Ustawienia!$B$9&"" | K43: =IF(H43="","",COUNTIFS('Zgłoszenia'!$B$5:$B$504,F43,'Zgłoszenia'!$D$5:$D$504,">="&A43,'Zgłoszenia'!$D$5:$D$504,"<="&(A43+1))) | L43: =IF(OR(H43="",K43=0),"—",IF(ISNUMBER(MATCH(H43,'Zgłoszenia'!$S$5:$S$504,0)),RIGHT("0"&DAY(A43),2)&"."&RIGHT("0"&MONTH(A43),2)&"."&YEAR(A43)&": "&INDEX('Zgłoszenia'!$H$5:$H$504,MATCH(H43,'Zgłoszenia'!$S$5:$S$504,0)),RIGHT("0"&DAY((A43+1)),2)&"."&RIGHT("0"&MONTH((A43+1)),2)&"."&YEAR((A43+1))&": "&INDEX('Zgłoszenia'!$H$5:$H$504,MATCH(F43&"|"&(A43+1),'Zgłoszenia'!$S$5:$S$504,0)))&IF(K43>1," (+"&(K43-1)&")","")) | M43: 1
A44: =IF('1'!$C$1="","",'1'!$C$1) | B44: =Ustawienia!$A$9&"" | C44: =Ustawienia!$A$16&"" | D44: 2 | E44: =IF('1'!F23="","",TRIM('1'!F23&"")) | F44: =IF('1'!G23="","",'1'!G23) | G44: ='1'!H23&"" | H44: =IF(OR(A44="",F44=""),"",F44&"|"&A44) | I44: =IF(AND(H44<>"",OR('Historia wózka'!$B$4="",F44='Historia wózka'!$B$4),A44>='Historia wózka'!$B$5,A44<='Historia wózka'!$B$6),A44+0.8+(5000-ROW())/10000000,0) | J44: =Ustawienia!$B$9&"" | K44: =IF(H44="","",COUNTIFS('Zgłoszenia'!$B$5:$B$504,F44,'Zgłoszenia'!$D$5:$D$504,">="&A44,'Zgłoszenia'!$D$5:$D$504,"<="&(A44+1))) | L44: =IF(OR(H44="",K44=0),"—",IF(ISNUMBER(MATCH(H44,'Zgłoszenia'!$S$5:$S$504,0)),RIGHT("0"&DAY(A44),2)&"."&RIGHT("0"&MONTH(A44),2)&"."&YEAR(A44)&": "&INDEX('Zgłoszenia'!$H$5:$H$504,MATCH(H44,'Zgłoszenia'!$S$5:$S$504,0)),RIGHT("0"&DAY((A44+1)),2)&"."&RIGHT("0"&MONTH((A44+1)),2)&"."&YEAR((A44+1))&": "&INDEX('Zgłoszenia'!$H$5:$H$504,MATCH(F44&"|"&(A44+1),'Zgłoszenia'!$S$5:$S$504,0)))&IF(K44>1," (+"&(K44-1)&")","")) | M44: 1
A45: =IF('1'!$C$1="","",'1'!$C$1) | B45: =Ustawienia!$A$9&"" | C45: =Ustawienia!$A$16&"" | D45: 3 | E45: =IF('1'!F24="","",TRIM('1'!F24&"")) | F45: =IF('1'!G24="","",'1'!G24) | G45: ='1'!H24&"" | H45: =IF(OR(A45="",F45=""),"",F45&"|"&A45) | I45: =IF(AND(H45<>"",OR('Historia wózka'!$B$4="",F45='Historia wózka'!$B$4),A45>='Historia wózka'!$B$5,A45<='Historia wózka'!$B$6),A45+0.8+(5000-ROW())/10000000,0) | J45: =Ustawienia!$B$9&"" | K45: =IF(H45="","",COUNTIFS('Zgłoszenia'!$B$5:$B$504,F45,'Zgłoszenia'!$D$5:$D$504,">="&A45,'Zgłoszenia'!$D$5:$D$504,"<="&(A45+1))) | L45: =IF(OR(H45="",K45=0),"—",IF(ISNUMBER(MATCH(H45,'Zgłoszenia'!$S$5:$S$504,0)),RIGHT("0"&DAY(A45),2)&"."&RIGHT("0"&MONTH(A45),2)&"."&YEAR(A45)&": "&INDEX('Zgłoszenia'!$H$5:$H$504,MATCH(H45,'Zgłoszenia'!$S$5:$S$504,0)),RIGHT("0"&DAY((A45+1)),2)&"."&RIGHT("0"&MONTH((A45+1)),2)&"."&YEAR((A45+1))&": "&INDEX('Zgłoszenia'!$H$5:$H$504,MATCH(F45&"|"&(A45+1),'Zgłoszenia'!$S$5:$S$504,0)))&IF(K45>1," (+"&(K45-1)&")","")) | M45: 1
A46: =IF('1'!$C$1="","",'1'!$C$1) | B46: =Ustawienia!$A$9&"" | C46: =Ustawienia!$A$16&"" | D46: 4 | E46: =IF('1'!F25="","",TRIM('1'!F25&"")) | F46: =IF('1'!G25="","",'1'!G25) | G46: ='1'!H25&"" | H46: =IF(OR(A46="",F46=""),"",F46&"|"&A46) | I46: =IF(AND(H46<>"",OR('Historia wózka'!$B$4="",F46='Historia wózka'!$B$4),A46>='Historia wózka'!$B$5,A46<='Historia wózka'!$B$6),A46+0.8+(5000-ROW())/10000000,0) | J46: =Ustawienia!$B$9&"" | K46: =IF(H46="","",COUNTIFS('Zgłoszenia'!$B$5:$B$504,F46,'Zgłoszenia'!$D$5:$D$504,">="&A46,'Zgłoszenia'!$D$5:$D$504,"<="&(A46+1))) | L46: =IF(OR(H46="",K46=0),"—",IF(ISNUMBER(MATCH(H46,'Zgłoszenia'!$S$5:$S$504,0)),RIGHT("0"&DAY(A46),2)&"."&RIGHT("0"&MONTH(A46),2)&"."&YEAR(A46)&": "&INDEX('Zgłoszenia'!$H$5:$H$504,MATCH(H46,'Zgłoszenia'!$S$5:$S$504,0)),RIGHT("0"&DAY((A46+1)),2)&"."&RIGHT("0"&MONTH((A46+1)),2)&"."&YEAR((A46+1))&": "&INDEX('Zgłoszenia'!$H$5:$H$504,MATCH(F46&"|"&(A46+1),'Zgłoszenia'!$S$5:$S$504,0)))&IF(K46>1," (+"&(K46-1)&")","")) | M46: 1
A47: =IF('1'!$C$1="","",'1'!$C$1) | B47: =Ustawienia!$A$9&"" | C47: =Ustawienia!$A$17&"" | D47: 1 | E47: =IF('1'!F27="","",TRIM('1'!F27&"")) | F47: =IF('1'!G27="","",'1'!G27) | G47: ='1'!H27&"" | H47: =IF(OR(A47="",F47=""),"",F47&"|"&A47) | I47: =IF(AND(H47<>"",OR('Historia wózka'!$B$4="",F47='Historia wózka'!$B$4),A47>='Historia wózka'!$B$5,A47<='Historia wózka'!$B$6),A47+0.8+(5000-ROW())/10000000,0) | J47: =Ustawienia!$B$9&"" | K47: =IF(H47="","",COUNTIFS('Zgłoszenia'!$B$5:$B$504,F47,'Zgłoszenia'!$D$5:$D$504,">="&A47,'Zgłoszenia'!$D$5:$D$504,"<="&(A47+1))) | L47: =IF(OR(H47="",K47=0),"—",IF(ISNUMBER(MATCH(H47,'Zgłoszenia'!$S$5:$S$504,0)),RIGHT("0"&DAY(A47),2)&"."&RIGHT("0"&MONTH(A47),2)&"."&YEAR(A47)&": "&INDEX('Zgłoszenia'!$H$5:$H$504,MATCH(H47,'Zgłoszenia'!$S$5:$S$504,0)),RIGHT("0"&DAY((A47+1)),2)&"."&RIGHT("0"&MONTH((A47+1)),2)&"."&YEAR((A47+1))&": "&INDEX('Zgłoszenia'!$H$5:$H$504,MATCH(F47&"|"&(A47+1),'Zgłoszenia'!$S$5:$S$504,0)))&IF(K47>1," (+"&(K47-1)&")","")) | M47: 1
A48: =IF('1'!$C$1="","",'1'!$C$1) | B48: =Ustawienia!$A$9&"" | C48: =Ustawienia!$A$17&"" | D48: 2 | E48: =IF('1'!F28="","",TRIM('1'!F28&"")) | F48: =IF('1'!G28="","",'1'!G28) | G48: ='1'!H28&"" | H48: =IF(OR(A48="",F48=""),"",F48&"|"&A48) | I48: =IF(AND(H48<>"",OR('Historia wózka'!$B$4="",F48='Historia wózka'!$B$4),A48>='Historia wózka'!$B$5,A48<='Historia wózka'!$B$6),A48+0.8+(5000-ROW())/10000000,0) | J48: =Ustawienia!$B$9&"" | K48: =IF(H48="","",COUNTIFS('Zgłoszenia'!$B$5:$B$504,F48,'Zgłoszenia'!$D$5:$D$504,">="&A48,'Zgłoszenia'!$D$5:$D$504,"<="&(A48+1))) | L48: =IF(OR(H48="",K48=0),"—",IF(ISNUMBER(MATCH(H48,'Zgłoszenia'!$S$5:$S$504,0)),RIGHT("0"&DAY(A48),2)&"."&RIGHT("0"&MONTH(A48),2)&"."&YEAR(A48)&": "&INDEX('Zgłoszenia'!$H$5:$H$504,MATCH(H48,'Zgłoszenia'!$S$5:$S$504,0)),RIGHT("0"&DAY((A48+1)),2)&"."&RIGHT("0"&MONTH((A48+1)),2)&"."&YEAR((A48+1))&": "&INDEX('Zgłoszenia'!$H$5:$H$504,MATCH(F48&"|"&(A48+1),'Zgłoszenia'!$S$5:$S$504,0)))&IF(K48>1," (+"&(K48-1)&")","")) | M48: 1
A49: =IF('1'!$C$1="","",'1'!$C$1) | B49: =Ustawienia!$A$9&"" | C49: =Ustawienia!$A$17&"" | D49: 3 | E49: =IF('1'!F29="","",TRIM('1'!F29&"")) | F49: =IF('1'!G29="","",'1'!G29) | G49: ='1'!H29&"" | H49: =IF(OR(A49="",F49=""),"",F49&"|"&A49) | I49: =IF(AND(H49<>"",OR('Historia wózka'!$B$4="",F49='Historia wózka'!$B$4),A49>='Historia wózka'!$B$5,A49<='Historia wózka'!$B$6),A49+0.8+(5000-ROW())/10000000,0) | J49: =Ustawienia!$B$9&"" | K49: =IF(H49="","",COUNTIFS('Zgłoszenia'!$B$5:$B$504,F49,'Zgłoszenia'!$D$5:$D$504,">="&A49,'Zgłoszenia'!$D$5:$D$504,"<="&(A49+1))) | L49: =IF(OR(H49="",K49=0),"—",IF(ISNUMBER(MATCH(H49,'Zgłoszenia'!$S$5:$S$504,0)),RIGHT("0"&DAY(A49),2)&"."&RIGHT("0"&MONTH(A49),2)&"."&YEAR(A49)&": "&INDEX('Zgłoszenia'!$H$5:$H$504,MATCH(H49,'Zgłoszenia'!$S$5:$S$504,0)),RIGHT("0"&DAY((A49+1)),2)&"."&RIGHT("0"&MONTH((A49+1)),2)&"."&YEAR((A49+1))&": "&INDEX('Zgłoszenia'!$H$5:$H$504,MATCH(F49&"|"&(A49+1),'Zgłoszenia'!$S$5:$S$504,0)))&IF(K49>1," (+"&(K49-1)&")","")) | M49: 1
A50: =IF('1'!$C$1="","",'1'!$C$1) | B50: =Ustawienia!$A$9&"" | C50: =Ustawienia!$A$17&"" | D50: 4 | E50: =IF('1'!F30="","",TRIM('1'!F30&"")) | F50: =IF('1'!G30="","",'1'!G30) | G50: ='1'!H30&"" | H50: =IF(OR(A50="",F50=""),"",F50&"|"&A50) | I50: =IF(AND(H50<>"",OR('Historia wózka'!$B$4="",F50='Historia wózka'!$B$4),A50>='Historia wózka'!$B$5,A50<='Historia wózka'!$B$6),A50+0.8+(5000-ROW())/10000000,0) | J50: =Ustawienia!$B$9&"" | K50: =IF(H50="","",COUNTIFS('Zgłoszenia'!$B$5:$B$504,F50,'Zgłoszenia'!$D$5:$D$504,">="&A50,'Zgłoszenia'!$D$5:$D$504,"<="&(A50+1))) | L50: =IF(OR(H50="",K50=0),"—",IF(ISNUMBER(MATCH(H50,'Zgłoszenia'!$S$5:$S$504,0)),RIGHT("0"&DAY(A50),2)&"."&RIGHT("0"&MONTH(A50),2)&"."&YEAR(A50)&": "&INDEX('Zgłoszenia'!$H$5:$H$504,MATCH(H50,'Zgłoszenia'!$S$5:$S$504,0)),RIGHT("0"&DAY((A50+1)),2)&"."&RIGHT("0"&MONTH((A50+1)),2)&"."&YEAR((A50+1))&": "&INDEX('Zgłoszenia'!$H$5:$H$504,MATCH(F50&"|"&(A50+1),'Zgłoszenia'!$S$5:$S$504,0)))&IF(K50>1," (+"&(K50-1)&")","")) | M50: 1
A51: =IF('1'!$C$1="","",'1'!$C$1) | B51: =Ustawienia!$A$9&"" | C51: =Ustawienia!$A$18&"" | D51: 1 | E51: =IF('1'!F32="","",TRIM('1'!F32&"")) | F51: =IF('1'!G32="","",'1'!G32) | G51: ='1'!H32&"" | H51: =IF(OR(A51="",F51=""),"",F51&"|"&A51) | I51: =IF(AND(H51<>"",OR('Historia wózka'!$B$4="",F51='Historia wózka'!$B$4),A51>='Historia wózka'!$B$5,A51<='Historia wózka'!$B$6),A51+0.8+(5000-ROW())/10000000,0) | J51: =Ustawienia!$B$9&"" | K51: =IF(H51="","",COUNTIFS('Zgłoszenia'!$B$5:$B$504,F51,'Zgłoszenia'!$D$5:$D$504,">="&A51,'Zgłoszenia'!$D$5:$D$504,"<="&(A51+1))) | L51: =IF(OR(H51="",K51=0),"—",IF(ISNUMBER(MATCH(H51,'Zgłoszenia'!$S$5:$S$504,0)),RIGHT("0"&DAY(A51),2)&"."&RIGHT("0"&MONTH(A51),2)&"."&YEAR(A51)&": "&INDEX('Zgłoszenia'!$H$5:$H$504,MATCH(H51,'Zgłoszenia'!$S$5:$S$504,0)),RIGHT("0"&DAY((A51+1)),2)&"."&RIGHT("0"&MONTH((A51+1)),2)&"."&YEAR((A51+1))&": "&INDEX('Zgłoszenia'!$H$5:$H$504,MATCH(F51&"|"&(A51+1),'Zgłoszenia'!$S$5:$S$504,0)))&IF(K51>1," (+"&(K51-1)&")","")) | M51: 1
A52: =IF('1'!$C$1="","",'1'!$C$1) | B52: =Ustawienia!$A$9&"" | C52: =Ustawienia!$A$18&"" | D52: 2 | E52: =IF('1'!F33="","",TRIM('1'!F33&"")) | F52: =IF('1'!G33="","",'1'!G33) | G52: ='1'!H33&"" | H52: =IF(OR(A52="",F52=""),"",F52&"|"&A52) | I52: =IF(AND(H52<>"",OR('Historia wózka'!$B$4="",F52='Historia wózka'!$B$4),A52>='Historia wózka'!$B$5,A52<='Historia wózka'!$B$6),A52+0.8+(5000-ROW())/10000000,0) | J52: =Ustawienia!$B$9&"" | K52: =IF(H52="","",COUNTIFS('Zgłoszenia'!$B$5:$B$504,F52,'Zgłoszenia'!$D$5:$D$504,">="&A52,'Zgłoszenia'!$D$5:$D$504,"<="&(A52+1))) | L52: =IF(OR(H52="",K52=0),"—",IF(ISNUMBER(MATCH(H52,'Zgłoszenia'!$S$5:$S$504,0)),RIGHT("0"&DAY(A52),2)&"."&RIGHT("0"&MONTH(A52),2)&"."&YEAR(A52)&": "&INDEX('Zgłoszenia'!$H$5:$H$504,MATCH(H52,'Zgłoszenia'!$S$5:$S$504,0)),RIGHT("0"&DAY((A52+1)),2)&"."&RIGHT("0"&MONTH((A52+1)),2)&"."&YEAR((A52+1))&": "&INDEX('Zgłoszenia'!$H$5:$H$504,MATCH(F52&"|"&(A52+1),'Zgłoszenia'!$S$5:$S$504,0)))&IF(K52>1," (+"&(K52-1)&")","")) | M52: 1
A53: =IF('1'!$C$1="","",'1'!$C$1) | B53: =Ustawienia!$A$9&"" | C53: =Ustawienia!$A$18&"" | D53: 3 | E53: =IF('1'!F34="","",TRIM('1'!F34&"")) | F53: =IF('1'!G34="","",'1'!G34) | G53: ='1'!H34&"" | H53: =IF(OR(A53="",F53=""),"",F53&"|"&A53) | I53: =IF(AND(H53<>"",OR('Historia wózka'!$B$4="",F53='Historia wózka'!$B$4),A53>='Historia wózka'!$B$5,A53<='Historia wózka'!$B$6),A53+0.8+(5000-ROW())/10000000,0) | J53: =Ustawienia!$B$9&"" | K53: =IF(H53="","",COUNTIFS('Zgłoszenia'!$B$5:$B$504,F53,'Zgłoszenia'!$D$5:$D$504,">="&A53,'Zgłoszenia'!$D$5:$D$504,"<="&(A53+1))) | L53: =IF(OR(H53="",K53=0),"—",IF(ISNUMBER(MATCH(H53,'Zgłoszenia'!$S$5:$S$504,0)),RIGHT("0"&DAY(A53),2)&"."&RIGHT("0"&MONTH(A53),2)&"."&YEAR(A53)&": "&INDEX('Zgłoszenia'!$H$5:$H$504,MATCH(H53,'Zgłoszenia'!$S$5:$S$504,0)),RIGHT("0"&DAY((A53+1)),2)&"."&RIGHT("0"&MONTH((A53+1)),2)&"."&YEAR((A53+1))&": "&INDEX('Zgłoszenia'!$H$5:$H$504,MATCH(F53&"|"&(A53+1),'Zgłoszenia'!$S$5:$S$504,0)))&IF(K53>1," (+"&(K53-1)&")","")) | M53: 1
A54: =IF('1'!$C$1="","",'1'!$C$1) | B54: =Ustawienia!$A$9&"" | C54: =Ustawienia!$A$18&"" | D54: 4 | E54: =IF('1'!F35="","",TRIM('1'!F35&"")) | F54: =IF('1'!G35="","",'1'!G35) | G54: ='1'!H35&"" | H54: =IF(OR(A54="",F54=""),"",F54&"|"&A54) | I54: =IF(AND(H54<>"",OR('Historia wózka'!$B$4="",F54='Historia wózka'!$B$4),A54>='Historia wózka'!$B$5,A54<='Historia wózka'!$B$6),A54+0.8+(5000-ROW())/10000000,0) | J54: =Ustawienia!$B$9&"" | K54: =IF(H54="","",COUNTIFS('Zgłoszenia'!$B$5:$B$504,F54,'Zgłoszenia'!$D$5:$D$504,">="&A54,'Zgłoszenia'!$D$5:$D$504,"<="&(A54+1))) | L54: =IF(OR(H54="",K54=0),"—",IF(ISNUMBER(MATCH(H54,'Zgłoszenia'!$S$5:$S$504,0)),RIGHT("0"&DAY(A54),2)&"."&RIGHT("0"&MONTH(A54),2)&"."&YEAR(A54)&": "&INDEX('Zgłoszenia'!$H$5:$H$504,MATCH(H54,'Zgłoszenia'!$S$5:$S$504,0)),RIGHT("0"&DAY((A54+1)),2)&"."&RIGHT("0"&MONTH((A54+1)),2)&"."&YEAR((A54+1))&": "&INDEX('Zgłoszenia'!$H$5:$H$504,MATCH(F54&"|"&(A54+1),'Zgłoszenia'!$S$5:$S$504,0)))&IF(K54>1," (+"&(K54-1)&")","")) | M54: 1
A55: =IF('1'!$C$1="","",'1'!$C$1) | B55: =Ustawienia!$A$9&"" | C55: =Ustawienia!$A$18&"" | D55: 5 | E55: =IF('1'!F36="","",TRIM('1'!F36&"")) | F55: =IF('1'!G36="","",'1'!G36) | G55: ='1'!H36&"" | H55: =IF(OR(A55="",F55=""),"",F55&"|"&A55) | I55: =IF(AND(H55<>"",OR('Historia wózka'!$B$4="",F55='Historia wózka'!$B$4),A55>='Historia wózka'!$B$5,A55<='Historia wózka'!$B$6),A55+0.8+(5000-ROW())/10000000,0) | J55: =Ustawienia!$B$9&"" | K55: =IF(H55="","",COUNTIFS('Zgłoszenia'!$B$5:$B$504,F55,'Zgłoszenia'!$D$5:$D$504,">="&A55,'Zgłoszenia'!$D$5:$D$504,"<="&(A55+1))) | L55: =IF(OR(H55="",K55=0),"—",IF(ISNUMBER(MATCH(H55,'Zgłoszenia'!$S$5:$S$504,0)),RIGHT("0"&DAY(A55),2)&"."&RIGHT("0"&MONTH(A55),2)&"."&YEAR(A55)&": "&INDEX('Zgłoszenia'!$H$5:$H$504,MATCH(H55,'Zgłoszenia'!$S$5:$S$504,0)),RIGHT("0"&DAY((A55+1)),2)&"."&RIGHT("0"&MONTH((A55+1)),2)&"."&YEAR((A55+1))&": "&INDEX('Zgłoszenia'!$H$5:$H$504,MATCH(F55&"|"&(A55+1),'Zgłoszenia'!$S$5:$S$504,0)))&IF(K55>1," (+"&(K55-1)&")","")) | M55: 1
A56: =IF('1'!$C$1="","",'1'!$C$1) | B56: =Ustawienia!$A$10&"" | C56: =Ustawienia!$A$14&"" | D56: 1 | E56: =IF('1'!J6="","",TRIM('1'!J6&"")) | F56: =IF('1'!K6="","",'1'!K6) | G56: ='1'!L6&"" | H56: =IF(OR(A56="",F56=""),"",F56&"|"&A56) | I56: =IF(AND(H56<>"",OR('Historia wózka'!$B$4="",F56='Historia wózka'!$B$4),A56>='Historia wózka'!$B$5,A56<='Historia wózka'!$B$6),A56+0.7+(5000-ROW())/10000000,0) | J56: =Ustawienia!$B$10&"" | K56: =IF(H56="","",COUNTIFS('Zgłoszenia'!$B$5:$B$504,F56,'Zgłoszenia'!$D$5:$D$504,">="&A56,'Zgłoszenia'!$D$5:$D$504,"<="&(A56+1))) | L56: =IF(OR(H56="",K56=0),"—",IF(ISNUMBER(MATCH(H56,'Zgłoszenia'!$S$5:$S$504,0)),RIGHT("0"&DAY(A56),2)&"."&RIGHT("0"&MONTH(A56),2)&"."&YEAR(A56)&": "&INDEX('Zgłoszenia'!$H$5:$H$504,MATCH(H56,'Zgłoszenia'!$S$5:$S$504,0)),RIGHT("0"&DAY((A56+1)),2)&"."&RIGHT("0"&MONTH((A56+1)),2)&"."&YEAR((A56+1))&": "&INDEX('Zgłoszenia'!$H$5:$H$504,MATCH(F56&"|"&(A56+1),'Zgłoszenia'!$S$5:$S$504,0)))&IF(K56>1," (+"&(K56-1)&")","")) | M56: 1
A57: =IF('1'!$C$1="","",'1'!$C$1) | B57: =Ustawienia!$A$10&"" | C57: =Ustawienia!$A$14&"" | D57: 2 | E57: =IF('1'!J7="","",TRIM('1'!J7&"")) | F57: =IF('1'!K7="","",'1'!K7) | G57: ='1'!L7&"" | H57: =IF(OR(A57="",F57=""),"",F57&"|"&A57) | I57: =IF(AND(H57<>"",OR('Historia wózka'!$B$4="",F57='Historia wózka'!$B$4),A57>='Historia wózka'!$B$5,A57<='Historia wózka'!$B$6),A57+0.7+(5000-ROW())/10000000,0) | J57: =Ustawienia!$B$10&"" | K57: =IF(H57="","",COUNTIFS('Zgłoszenia'!$B$5:$B$504,F57,'Zgłoszenia'!$D$5:$D$504,">="&A57,'Zgłoszenia'!$D$5:$D$504,"<="&(A57+1))) | L57: =IF(OR(H57="",K57=0),"—",IF(ISNUMBER(MATCH(H57,'Zgłoszenia'!$S$5:$S$504,0)),RIGHT("0"&DAY(A57),2)&"."&RIGHT("0"&MONTH(A57),2)&"."&YEAR(A57)&": "&INDEX('Zgłoszenia'!$H$5:$H$504,MATCH(H57,'Zgłoszenia'!$S$5:$S$504,0)),RIGHT("0"&DAY((A57+1)),2)&"."&RIGHT("0"&MONTH((A57+1)),2)&"."&YEAR((A57+1))&": "&INDEX('Zgłoszenia'!$H$5:$H$504,MATCH(F57&"|"&(A57+1),'Zgłoszenia'!$S$5:$S$504,0)))&IF(K57>1," (+"&(K57-1)&")","")) | M57: 1
A58: =IF('1'!$C$1="","",'1'!$C$1) | B58: =Ustawienia!$A$10&"" | C58: =Ustawienia!$A$14&"" | D58: 3 | E58: =IF('1'!J8="","",TRIM('1'!J8&"")) | F58: =IF('1'!K8="","",'1'!K8) | G58: ='1'!L8&"" | H58: =IF(OR(A58="",F58=""),"",F58&"|"&A58) | I58: =IF(AND(H58<>"",OR('Historia wózka'!$B$4="",F58='Historia wózka'!$B$4),A58>='Historia wózka'!$B$5,A58<='Historia wózka'!$B$6),A58+0.7+(5000-ROW())/10000000,0) | J58: =Ustawienia!$B$10&"" | K58: =IF(H58="","",COUNTIFS('Zgłoszenia'!$B$5:$B$504,F58,'Zgłoszenia'!$D$5:$D$504,">="&A58,'Zgłoszenia'!$D$5:$D$504,"<="&(A58+1))) | L58: =IF(OR(H58="",K58=0),"—",IF(ISNUMBER(MATCH(H58,'Zgłoszenia'!$S$5:$S$504,0)),RIGHT("0"&DAY(A58),2)&"."&RIGHT("0"&MONTH(A58),2)&"."&YEAR(A58)&": "&INDEX('Zgłoszenia'!$H$5:$H$504,MATCH(H58,'Zgłoszenia'!$S$5:$S$504,0)),RIGHT("0"&DAY((A58+1)),2)&"."&RIGHT("0"&MONTH((A58+1)),2)&"."&YEAR((A58+1))&": "&INDEX('Zgłoszenia'!$H$5:$H$504,MATCH(F58&"|"&(A58+1),'Zgłoszenia'!$S$5:$S$504,0)))&IF(K58>1," (+"&(K58-1)&")","")) | M58: 1
A59: =IF('1'!$C$1="","",'1'!$C$1) | B59: =Ustawienia!$A$10&"" | C59: =Ustawienia!$A$14&"" | D59: 4 | E59: =IF('1'!J9="","",TRIM('1'!J9&"")) | F59: =IF('1'!K9="","",'1'!K9) | G59: ='1'!L9&"" | H59: =IF(OR(A59="",F59=""),"",F59&"|"&A59) | I59: =IF(AND(H59<>"",OR('Historia wózka'!$B$4="",F59='Historia wózka'!$B$4),A59>='Historia wózka'!$B$5,A59<='Historia wózka'!$B$6),A59+0.7+(5000-ROW())/10000000,0) | J59: =Ustawienia!$B$10&"" | K59: =IF(H59="","",COUNTIFS('Zgłoszenia'!$B$5:$B$504,F59,'Zgłoszenia'!$D$5:$D$504,">="&A59,'Zgłoszenia'!$D$5:$D$504,"<="&(A59+1))) | L59: =IF(OR(H59="",K59=0),"—",IF(ISNUMBER(MATCH(H59,'Zgłoszenia'!$S$5:$S$504,0)),RIGHT("0"&DAY(A59),2)&"."&RIGHT("0"&MONTH(A59),2)&"."&YEAR(A59)&": "&INDEX('Zgłoszenia'!$H$5:$H$504,MATCH(H59,'Zgłoszenia'!$S$5:$S$504,0)),RIGHT("0"&DAY((A59+1)),2)&"."&RIGHT("0"&MONTH((A59+1)),2)&"."&YEAR((A59+1))&": "&INDEX('Zgłoszenia'!$H$5:$H$504,MATCH(F59&"|"&(A59+1),'Zgłoszenia'!$S$5:$S$504,0)))&IF(K59>1," (+"&(K59-1)&")","")) | M59: 1
A60: =IF('1'!$C$1="","",'1'!$C$1) | B60: =Ustawienia!$A$10&"" | C60: =Ustawienia!$A$14&"" | D60: 5 | E60: =IF('1'!J10="","",TRIM('1'!J10&"")) | F60: =IF('1'!K10="","",'1'!K10) | G60: ='1'!L10&"" | H60: =IF(OR(A60="",F60=""),"",F60&"|"&A60) | I60: =IF(AND(H60<>"",OR('Historia wózka'!$B$4="",F60='Historia wózka'!$B$4),A60>='Historia wózka'!$B$5,A60<='Historia wózka'!$B$6),A60+0.7+(5000-ROW())/10000000,0) | J60: =Ustawienia!$B$10&"" | K60: =IF(H60="","",COUNTIFS('Zgłoszenia'!$B$5:$B$504,F60,'Zgłoszenia'!$D$5:$D$504,">="&A60,'Zgłoszenia'!$D$5:$D$504,"<="&(A60+1))) | L60: =IF(OR(H60="",K60=0),"—",IF(ISNUMBER(MATCH(H60,'Zgłoszenia'!$S$5:$S$504,0)),RIGHT("0"&DAY(A60),2)&"."&RIGHT("0"&MONTH(A60),2)&"."&YEAR(A60)&": "&INDEX('Zgłoszenia'!$H$5:$H$504,MATCH(H60,'Zgłoszenia'!$S$5:$S$504,0)),RIGHT("0"&DAY((A60+1)),2)&"."&RIGHT("0"&MONTH((A60+1)),2)&"."&YEAR((A60+1))&": "&INDEX('Zgłoszenia'!$H$5:$H$504,MATCH(F60&"|"&(A60+1),'Zgłoszenia'!$S$5:$S$504,0)))&IF(K60>1," (+"&(K60-1)&")","")) | M60: 1
A61: =IF('1'!$C$1="","",'1'!$C$1) | B61: =Ustawienia!$A$10&"" | C61: =Ustawienia!$A$14&"" | D61: 6 | E61: =IF('1'!J11="","",TRIM('1'!J11&"")) | F61: =IF('1'!K11="","",'1'!K11) | G61: ='1'!L11&"" | H61: =IF(OR(A61="",F61=""),"",F61&"|"&A61) | I61: =IF(AND(H61<>"",OR('Historia wózka'!$B$4="",F61='Historia wózka'!$B$4),A61>='Historia wózka'!$B$5,A61<='Historia wózka'!$B$6),A61+0.7+(5000-ROW())/10000000,0) | J61: =Ustawienia!$B$10&"" | K61: =IF(H61="","",COUNTIFS('Zgłoszenia'!$B$5:$B$504,F61,'Zgłoszenia'!$D$5:$D$504,">="&A61,'Zgłoszenia'!$D$5:$D$504,"<="&(A61+1))) | L61: =IF(OR(H61="",K61=0),"—",IF(ISNUMBER(MATCH(H61,'Zgłoszenia'!$S$5:$S$504,0)),RIGHT("0"&DAY(A61),2)&"."&RIGHT("0"&MONTH(A61),2)&"."&YEAR(A61)&": "&INDEX('Zgłoszenia'!$H$5:$H$504,MATCH(H61,'Zgłoszenia'!$S$5:$S$504,0)),RIGHT("0"&DAY((A61+1)),2)&"."&RIGHT("0"&MONTH((A61+1)),2)&"."&YEAR((A61+1))&": "&INDEX('Zgłoszenia'!$H$5:$H$504,MATCH(F61&"|"&(A61+1),'Zgłoszenia'!$S$5:$S$504,0)))&IF(K61>1," (+"&(K61-1)&")","")) | M61: 1
A62: =IF('1'!$C$1="","",'1'!$C$1) | B62: =Ustawienia!$A$10&"" | C62: =Ustawienia!$A$15&"" | D62: 1 | E62: =IF('1'!J13="","",TRIM('1'!J13&"")) | F62: =IF('1'!K13="","",'1'!K13) | G62: ='1'!L13&"" | H62: =IF(OR(A62="",F62=""),"",F62&"|"&A62) | I62: =IF(AND(H62<>"",OR('Historia wózka'!$B$4="",F62='Historia wózka'!$B$4),A62>='Historia wózka'!$B$5,A62<='Historia wózka'!$B$6),A62+0.7+(5000-ROW())/10000000,0) | J62: =Ustawienia!$B$10&"" | K62: =IF(H62="","",COUNTIFS('Zgłoszenia'!$B$5:$B$504,F62,'Zgłoszenia'!$D$5:$D$504,">="&A62,'Zgłoszenia'!$D$5:$D$504,"<="&(A62+1))) | L62: =IF(OR(H62="",K62=0),"—",IF(ISNUMBER(MATCH(H62,'Zgłoszenia'!$S$5:$S$504,0)),RIGHT("0"&DAY(A62),2)&"."&RIGHT("0"&MONTH(A62),2)&"."&YEAR(A62)&": "&INDEX('Zgłoszenia'!$H$5:$H$504,MATCH(H62,'Zgłoszenia'!$S$5:$S$504,0)),RIGHT("0"&DAY((A62+1)),2)&"."&RIGHT("0"&MONTH((A62+1)),2)&"."&YEAR((A62+1))&": "&INDEX('Zgłoszenia'!$H$5:$H$504,MATCH(F62&"|"&(A62+1),'Zgłoszenia'!$S$5:$S$504,0)))&IF(K62>1," (+"&(K62-1)&")","")) | M62: 1
A63: =IF('1'!$C$1="","",'1'!$C$1) | B63: =Ustawienia!$A$10&"" | C63: =Ustawienia!$A$15&"" | D63: 2 | E63: =IF('1'!J14="","",TRIM('1'!J14&"")) | F63: =IF('1'!K14="","",'1'!K14) | G63: ='1'!L14&"" | H63: =IF(OR(A63="",F63=""),"",F63&"|"&A63) | I63: =IF(AND(H63<>"",OR('Historia wózka'!$B$4="",F63='Historia wózka'!$B$4),A63>='Historia wózka'!$B$5,A63<='Historia wózka'!$B$6),A63+0.7+(5000-ROW())/10000000,0) | J63: =Ustawienia!$B$10&"" | K63: =IF(H63="","",COUNTIFS('Zgłoszenia'!$B$5:$B$504,F63,'Zgłoszenia'!$D$5:$D$504,">="&A63,'Zgłoszenia'!$D$5:$D$504,"<="&(A63+1))) | L63: =IF(OR(H63="",K63=0),"—",IF(ISNUMBER(MATCH(H63,'Zgłoszenia'!$S$5:$S$504,0)),RIGHT("0"&DAY(A63),2)&"."&RIGHT("0"&MONTH(A63),2)&"."&YEAR(A63)&": "&INDEX('Zgłoszenia'!$H$5:$H$504,MATCH(H63,'Zgłoszenia'!$S$5:$S$504,0)),RIGHT("0"&DAY((A63+1)),2)&"."&RIGHT("0"&MONTH((A63+1)),2)&"."&YEAR((A63+1))&": "&INDEX('Zgłoszenia'!$H$5:$H$504,MATCH(F63&"|"&(A63+1),'Zgłoszenia'!$S$5:$S$504,0)))&IF(K63>1," (+"&(K63-1)&")","")) | M63: 1
A64: =IF('1'!$C$1="","",'1'!$C$1) | B64: =Ustawienia!$A$10&"" | C64: =Ustawienia!$A$15&"" | D64: 3 | E64: =IF('1'!J15="","",TRIM('1'!J15&"")) | F64: =IF('1'!K15="","",'1'!K15) | G64: ='1'!L15&"" | H64: =IF(OR(A64="",F64=""),"",F64&"|"&A64) | I64: =IF(AND(H64<>"",OR('Historia wózka'!$B$4="",F64='Historia wózka'!$B$4),A64>='Historia wózka'!$B$5,A64<='Historia wózka'!$B$6),A64+0.7+(5000-ROW())/10000000,0) | J64: =Ustawienia!$B$10&"" | K64: =IF(H64="","",COUNTIFS('Zgłoszenia'!$B$5:$B$504,F64,'Zgłoszenia'!$D$5:$D$504,">="&A64,'Zgłoszenia'!$D$5:$D$504,"<="&(A64+1))) | L64: =IF(OR(H64="",K64=0),"—",IF(ISNUMBER(MATCH(H64,'Zgłoszenia'!$S$5:$S$504,0)),RIGHT("0"&DAY(A64),2)&"."&RIGHT("0"&MONTH(A64),2)&"."&YEAR(A64)&": "&INDEX('Zgłoszenia'!$H$5:$H$504,MATCH(H64,'Zgłoszenia'!$S$5:$S$504,0)),RIGHT("0"&DAY((A64+1)),2)&"."&RIGHT("0"&MONTH((A64+1)),2)&"."&YEAR((A64+1))&": "&INDEX('Zgłoszenia'!$H$5:$H$504,MATCH(F64&"|"&(A64+1),'Zgłoszenia'!$S$5:$S$504,0)))&IF(K64>1," (+"&(K64-1)&")","")) | M64: 1
A65: =IF('1'!$C$1="","",'1'!$C$1) | B65: =Ustawienia!$A$10&"" | C65: =Ustawienia!$A$15&"" | D65: 4 | E65: =IF('1'!J16="","",TRIM('1'!J16&"")) | F65: =IF('1'!K16="","",'1'!K16) | G65: ='1'!L16&"" | H65: =IF(OR(A65="",F65=""),"",F65&"|"&A65) | I65: =IF(AND(H65<>"",OR('Historia wózka'!$B$4="",F65='Historia wózka'!$B$4),A65>='Historia wózka'!$B$5,A65<='Historia wózka'!$B$6),A65+0.7+(5000-ROW())/10000000,0) | J65: =Ustawienia!$B$10&"" | K65: =IF(H65="","",COUNTIFS('Zgłoszenia'!$B$5:$B$504,F65,'Zgłoszenia'!$D$5:$D$504,">="&A65,'Zgłoszenia'!$D$5:$D$504,"<="&(A65+1))) | L65: =IF(OR(H65="",K65=0),"—",IF(ISNUMBER(MATCH(H65,'Zgłoszenia'!$S$5:$S$504,0)),RIGHT("0"&DAY(A65),2)&"."&RIGHT("0"&MONTH(A65),2)&"."&YEAR(A65)&": "&INDEX('Zgłoszenia'!$H$5:$H$504,MATCH(H65,'Zgłoszenia'!$S$5:$S$504,0)),RIGHT("0"&DAY((A65+1)),2)&"."&RIGHT("0"&MONTH((A65+1)),2)&"."&YEAR((A65+1))&": "&INDEX('Zgłoszenia'!$H$5:$H$504,MATCH(F65&"|"&(A65+1),'Zgłoszenia'!$S$5:$S$504,0)))&IF(K65>1," (+"&(K65-1)&")","")) | M65: 1
A66: =IF('1'!$C$1="","",'1'!$C$1) | B66: =Ustawienia!$A$10&"" | C66: =Ustawienia!$A$15&"" | D66: 5 | E66: =IF('1'!J17="","",TRIM('1'!J17&"")) | F66: =IF('1'!K17="","",'1'!K17) | G66: ='1'!L17&"" | H66: =IF(OR(A66="",F66=""),"",F66&"|"&A66) | I66: =IF(AND(H66<>"",OR('Historia wózka'!$B$4="",F66='Historia wózka'!$B$4),A66>='Historia wózka'!$B$5,A66<='Historia wózka'!$B$6),A66+0.7+(5000-ROW())/10000000,0) | J66: =Ustawienia!$B$10&"" | K66: =IF(H66="","",COUNTIFS('Zgłoszenia'!$B$5:$B$504,F66,'Zgłoszenia'!$D$5:$D$504,">="&A66,'Zgłoszenia'!$D$5:$D$504,"<="&(A66+1))) | L66: =IF(OR(H66="",K66=0),"—",IF(ISNUMBER(MATCH(H66,'Zgłoszenia'!$S$5:$S$504,0)),RIGHT("0"&DAY(A66),2)&"."&RIGHT("0"&MONTH(A66),2)&"."&YEAR(A66)&": "&INDEX('Zgłoszenia'!$H$5:$H$504,MATCH(H66,'Zgłoszenia'!$S$5:$S$504,0)),RIGHT("0"&DAY((A66+1)),2)&"."&RIGHT("0"&MONTH((A66+1)),2)&"."&YEAR((A66+1))&": "&INDEX('Zgłoszenia'!$H$5:$H$504,MATCH(F66&"|"&(A66+1),'Zgłoszenia'!$S$5:$S$504,0)))&IF(K66>1," (+"&(K66-1)&")","")) | M66: 1
A67: =IF('1'!$C$1="","",'1'!$C$1) | B67: =Ustawienia!$A$10&"" | C67: =Ustawienia!$A$15&"" | D67: 6 | E67: =IF('1'!J18="","",TRIM('1'!J18&"")) | F67: =IF('1'!K18="","",'1'!K18) | G67: ='1'!L18&"" | H67: =IF(OR(A67="",F67=""),"",F67&"|"&A67) | I67: =IF(AND(H67<>"",OR('Historia wózka'!$B$4="",F67='Historia wózka'!$B$4),A67>='Historia wózka'!$B$5,A67<='Historia wózka'!$B$6),A67+0.7+(5000-ROW())/10000000,0) | J67: =Ustawienia!$B$10&"" | K67: =IF(H67="","",COUNTIFS('Zgłoszenia'!$B$5:$B$504,F67,'Zgłoszenia'!$D$5:$D$504,">="&A67,'Zgłoszenia'!$D$5:$D$504,"<="&(A67+1))) | L67: =IF(OR(H67="",K67=0),"—",IF(ISNUMBER(MATCH(H67,'Zgłoszenia'!$S$5:$S$504,0)),RIGHT("0"&DAY(A67),2)&"."&RIGHT("0"&MONTH(A67),2)&"."&YEAR(A67)&": "&INDEX('Zgłoszenia'!$H$5:$H$504,MATCH(H67,'Zgłoszenia'!$S$5:$S$504,0)),RIGHT("0"&DAY((A67+1)),2)&"."&RIGHT("0"&MONTH((A67+1)),2)&"."&YEAR((A67+1))&": "&INDEX('Zgłoszenia'!$H$5:$H$504,MATCH(F67&"|"&(A67+1),'Zgłoszenia'!$S$5:$S$504,0)))&IF(K67>1," (+"&(K67-1)&")","")) | M67: 1
A68: =IF('1'!$C$1="","",'1'!$C$1) | B68: =Ustawienia!$A$10&"" | C68: =Ustawienia!$A$15&"" | D68: 7 | E68: =IF('1'!J19="","",TRIM('1'!J19&"")) | F68: =IF('1'!K19="","",'1'!K19) | G68: ='1'!L19&"" | H68: =IF(OR(A68="",F68=""),"",F68&"|"&A68) | I68: =IF(AND(H68<>"",OR('Historia wózka'!$B$4="",F68='Historia wózka'!$B$4),A68>='Historia wózka'!$B$5,A68<='Historia wózka'!$B$6),A68+0.7+(5000-ROW())/10000000,0) | J68: =Ustawienia!$B$10&"" | K68: =IF(H68="","",COUNTIFS('Zgłoszenia'!$B$5:$B$504,F68,'Zgłoszenia'!$D$5:$D$504,">="&A68,'Zgłoszenia'!$D$5:$D$504,"<="&(A68+1))) | L68: =IF(OR(H68="",K68=0),"—",IF(ISNUMBER(MATCH(H68,'Zgłoszenia'!$S$5:$S$504,0)),RIGHT("0"&DAY(A68),2)&"."&RIGHT("0"&MONTH(A68),2)&"."&YEAR(A68)&": "&INDEX('Zgłoszenia'!$H$5:$H$504,MATCH(H68,'Zgłoszenia'!$S$5:$S$504,0)),RIGHT("0"&DAY((A68+1)),2)&"."&RIGHT("0"&MONTH((A68+1)),2)&"."&YEAR((A68+1))&": "&INDEX('Zgłoszenia'!$H$5:$H$504,MATCH(F68&"|"&(A68+1),'Zgłoszenia'!$S$5:$S$504,0)))&IF(K68>1," (+"&(K68-1)&")","")) | M68: 1
